exclusion,attn_check,var_low,careful_response,dishonest_response,duration,Finished,MID,age,gender,gender-TEXT,ethnicity_1,ethnicity_2,ethnicity_3,ethnicity_4,ethnicity_5,ethnicity_6,ethnicity_7,ethnicity_8,ethnicity_9,ethnicity_10,ethnicity_other,education,RFQ_M_1,RFQ_M_2,RFQ_M_3,RFQ_M_4,RFQ_M_5,RFQ_M_6,RFQ_M_7,RFQ_M_8,RFQ_M_9,RFQ_M_10,RFQ_M_11,RFQ_M_12,RFQ_M_13,RFQ_M_14,RFQ_M_15,unde_1,unde_2,unde_3,unde_4,unde_5,unde_6,unde_7,unde_8,scan_unde_1,scan_unde_2,scan_unde_3,scan_unde_4,desi_1,desi_2,desi_3,desi_4,desi_5,desi_6,desi_7,scan_desi_1,scan_desi_2,scan_desi_3,scan_desi_4,scan_desi_5,suc_1,suc_2,suc_3,suc_4,suc_5,suc_6,suc_7,suc_8,suc_9,suc_10,prevention,promotion,ods,unde_screen,unde_scan,desi_screen,desi_scan
ineligible,fail,acceptable,5,6,12,1,18aa4c95,30,male,NA,0,0,1,0,0,0,0,0,0,0,NA,5,3,4,5,5,7,5,6,6,5,4,4,5,4,4,5,5,4,5,5,5,6,7,6,4,5,5,5,6,6,4,4,6,5,5,4,4,5,5,5,4,4,3,5,4,3,4,4,4,6,5,4.625,3.9,5.375,4.75,5.142857142857143,4.6
eligible,pass,acceptable,7,1,10,1,fa22b8bb,26,male,NA,1,0,0,0,0,0,0,0,0,0,NA,5,1,1,1,1,7,1,1,7,7,7,7,7,7,7,7,6,1,6,6,6,7,6,7,7,7,1,7,7,7,1,7,5,3,7,7,7,7,7,7,5,7,1,7,7,6,1,7,7,3,1.8571428571428572,7,6.5,6.375,5.5,5.285714285714286,7
eligible,pass,acceptable,7,1,7,1,8623d4e7,20,male,NA,1,0,0,0,0,0,0,0,0,0,NA,2,4,5,3,5,5,3,4,6,5,6,6,5,6,5,6,2,6,1,1,2,1,2,3,5,6,5,6,4,6,5,7,7,6,6,6,6,7,6,6,6,6,2,5,6,5,1,6,5,3,4.142857142857143,5.625,5.7,1.75,5.5,5.857142857142857,6.2
eligible,pass,acceptable,7,1,12,1,e5014c02,41,female,NA,1,0,0,0,0,0,0,0,0,0,NA,6,4,4,2,4,5,3,4,5,6,6,5,5,6,6,5,3,5,3,2,4,2,3,5,2,1,4,3,6,5,3,5,6,5,5,6,5,5,5,5,5,6,2,4,5,4,2,6,6,2,3.7142857142857144,5.5,5.4,3.125,2.5,5,5.2
eligible,pass,acceptable,7,2,9,1,2efa9ee3,28,male,NA,1,0,0,0,0,0,0,0,0,0,NA,5,6,5,5,4,6,2,5,6,7,5,4,6,5,6,5,1,6,1,3,1,3,2,3,5,5,5,5,6,7,3,6,6,7,5,5,7,6,6,5,4,5,4,5,5,4,4,5,4,3,4.714285714285714,5.5,4.5,2,5,5.714285714285714,5.8
ineligible,pass,low,5,1,12,1,bd8cedd7,33,female,NA,1,0,0,0,0,0,0,0,0,0,NA,2,4,4,4,4,4,4,4,4,4,4,4,4,4,4,4,4,4,4,4,4,4,4,4,4,4,4,4,4,4,4,4,4,4,4,4,4,4,4,4,4,4,4,4,4,4,4,4,4,4,4,4,4,4,4,4,4
eligible,pass,acceptable,7,1,39,1,a6325036,28,male,NA,1,0,0,0,0,0,0,0,0,0,NA,5,4,4,3,5,6,4,5,6,5,6,5,4,6,5,6,4,4,5,3,3,3,4,3,6,6,5,5,4,7,5,6,6,6,6,6,6,7,6,6,6,5,2,5,6,6,3,5,5,2,4.428571428571429,5.375,5.5,3.625,5.5,5.714285714285714,6.2
eligible,pass,acceptable,6,1,19,1,91df245c,50,male,NA,1,0,0,0,0,0,0,0,0,0,NA,6,2,2,2,6,5,2,2,4,5,5,5,6,6,5,5,2,2,2,2,2,6,1,2,5,7,5,6,2,6,3,6,7,6,4,6,7,6,6,6,6,5,2,5,6,5,2,5,5,2,3,5.125,5.5,2.875,5.75,4.857142857142857,6.2
eligible,pass,acceptable,7,1,8,1,0648f0a0,45,male,NA,1,0,0,0,0,0,0,0,0,0,NA,4,4,3,4,5,6,5,5,5,6,5,4,6,6,5,3,5,5,6,3,4,3,6,5,3,6,5,5,5,5,3,4,5,2,5,6,5,6,6,5,4,4,3,4,5,3,5,4,3,3,4.571428571428571,5,4,4.375,4.75,4.142857142857143,5.6
ineligible,fail,low,7,7,3,1,730e3466,29,female,NA,NA,NA,NA,NA,NA,NA,NA,NA,1,NA,NA,5,7,7,7,7,7,7,7,7,7,7,7,7,7,7,7,7,7,7,7,7,7,7,7,7,7,7,7,7,7,7,7,7,7,7,7,7,7,7,7,7,7,7,7,7,7,7,7,7,7,7,7,5.2,6.25,7,7,7
eligible,pass,acceptable,7,1,4,1,fe8ecef8,37,male,NA,1,NA,NA,NA,NA,NA,NA,NA,NA,NA,NA,5,4,7,7,6,5,5,7,7,7,6,7,7,4,5,6,7,3,6,7,5,3,6,6,7,7,5,5,6,6,7,6,6,6,5,4,6,5,7,5,1,1,7,1,1,1,7,1,1,7,5.857142857142857,6.125,1,5.625,6,6,5.4
ineligible,fail,acceptable,7,1,6,1,ba0f3abc,36,male,NA,1,NA,NA,NA,NA,NA,NA,NA,NA,NA,NA,5,4,4,3,5,5,4,5,4,5,5,4,4,5,3,5,5,4,5,4,5,5,6,5,5,5,5,6,7,7,4,4,4,6,5,6,6,6,6,5,4,3,4,3,3,4,4,4,4,4,4.285714285714286,4.375,3.7,4.875,5.25,5.285714285714286,5.8
eligible,pass,acceptable,7,1,5,1,df4bce6a,26,male,NA,1,NA,NA,NA,NA,NA,NA,NA,NA,NA,NA,5,5,3,4,5,7,5,4,5,6,4,6,4,3,7,6,4,3,4,5,2,4,3,3,4,4,5,5,6,4,5,4,3,4,5,4,3,5,5,6,5,5,2,4,4,6,3,3,5,5,4.714285714285714,5.125,4.6,3.75,4.5,4.428571428571429,4.6
ineligible,fail,acceptable,3,2,5,1,bc0996b9,18,male,NA,1,NA,NA,NA,NA,NA,NA,NA,NA,NA,NA,2,2,4,4,4,5,4,3,2,4,5,4,4,4,5,5,4,2,2,4,4,3,5,4,4,5,6,4,4,4,3,4,4,3,4,4,4,3,2,4,7,7,7,4,4,7,6,4,4,7,3.7142857142857144,4.125,4.1,4,4.75,3.7142857142857144,3.4
ineligible,fail,acceptable,3,5,6,1,c92038de,30,female,NA,1,NA,NA,NA,NA,NA,NA,NA,NA,NA,NA,6,2,4,2,5,3,5,4,5,4,3,6,2,5,3,2,3,6,5,4,5,3,4,6,7,4,5,4,3,3,6,4,3,5,4,3,4,6,5,7,4,7,3,4,2,5,3,1,5,6,3.5714285714285716,3.75,4,4,5,4,5
eligible,pass,acceptable,7,1,6,1,357533dd,23,male,NA,NA,NA,NA,NA,1,NA,NA,NA,NA,NA,NA,6,3,3,2,3,4,2,2,6,5,5,4,6,7,6,5,2,5,2,2,3,2,5,2,5,3,4,4,5,6,3,7,6,6,5,5,6,4,5,6,4,5,3,4,4,4,3,4,4,3,2.7142857142857144,5.5,4.4,2.625,4,5.428571428571429,5.2
eligible,pass,acceptable,7,1,7,1,1e8f32b5,33,male,NA,1,NA,NA,NA,NA,NA,NA,NA,NA,NA,NA,2,6,4,3,5,6,2,5,6,7,6,6,6,6,7,6,5,4,5,5,6,6,6,7,7,7,6,6,5,7,5,3,4,7,6,6,6,7,7,7,6,4,3,4,7,6,2,5,6,2,4.428571428571429,6.25,5.5,5.5,6.5,5.285714285714286,6.6
eligible,pass,acceptable,7,1,8,1,c888c86b,30,male,NA,1,NA,NA,NA,NA,NA,NA,NA,NA,NA,NA,4,4,4,4,6,6,5,2,5,6,6,6,6,6,6,6,4,5,5,4,4,3,3,4,4,4,4,5,4,6,5,5,5,5,5,5,6,5,6,5,5,5,2,6,6,5,2,6,6,2,4.428571428571429,5.875,5.7,3.75,4.25,5,5.4
ineligible,fail,acceptable,7,1,8,1,d99ed6b3,18,female,NA,1,NA,NA,NA,NA,NA,NA,NA,NA,NA,NA,1,4,6,7,3,4,7,6,6,4,5,7,3,4,5,6,7,6,5,7,7,6,5,2,4,2,4,4,5,4,6,4,6,5,3,2,6,5,6,5,5,5,1,6,5,5,1,7,6,1,5.285714285714286,5,6,5.125,3.5,4.714285714285714,4.8
ineligible,fail,low,5,6,7,1,8092108f,29,male,NA,NA,NA,NA,NA,NA,NA,NA,1,NA,NA,NA,5,5,6,6,5,6,6,6,6,6,5,6,6,7,6,5,6,6,6,7,6,6,7,5,6,5,6,5,5,5,7,6,5,5,6,6,5,6,5,7,6,5,6,5,6,6,6,5,5,5,5.714285714285714,5.875,4.5,5.625,5.5,5.571428571428571,5.8
eligible,pass,acceptable,7,1,7,1,51731e87,25,male,NA,1,1,NA,NA,NA,NA,NA,NA,NA,NA,NA,5,3,5,6,5,3,6,5,3,4,5,5,2,3,5,5,4,3,5,2,4,4,4,2,5,4,6,5,2,5,6,3,5,7,5,5,6,5,5,4,3,6,2,6,2,4,2,6,4,5,4.714285714285714,4,4.6,3.75,5,4.714285714285714,5
ineligible,fail,acceptable,7,1,9,1,ef6410bf,29,male,NA,NA,1,NA,NA,NA,NA,NA,NA,NA,NA,NA,3,3,5,5,5,5,4,6,5,4,4,5,6,5,5,7,5,4,4,6,6,6,5,5,5,4,4,4,4,4,5,5,4,4,4,4,4,5,6,6,5,4,5,6,4,4,3,5,5,5,4.714285714285714,5.125,4.4,5.125,4.25,4.285714285714286,5
eligible,pass,acceptable,7,1,8,1,4bae16b3,31,male,NA,1,NA,NA,NA,NA,NA,NA,NA,NA,NA,NA,2,7,6,6,7,6,3,7,7,7,5,7,4,7,7,7,4,4,5,6,4,4,4,4,7,7,7,7,7,7,4,6,5,7,4,7,7,7,7,7,5,5,2,4,5,7,3,5,5,3,6,6.375,5.2,4.375,7,5.714285714285714,7
ineligible,fail,acceptable,7,1,6,1,4a74633e,26,female,NA,1,NA,NA,NA,NA,NA,NA,NA,NA,NA,NA,5,4,6,5,4,6,4,6,5,5,4,5,4,5,4,4,5,5,4,4,5,6,4,4,5,4,3,4,5,4,6,4,5,4,5,5,4,5,5,6,4,6,4,5,5,6,4,5,5,5,5,4.5,4.7,4.375,4,4.714285714285714,5
eligible,pass,acceptable,6,1,9,1,08321e3c,49,female,NA,1,NA,NA,NA,NA,NA,NA,NA,NA,NA,NA,2,2,2,2,5,6,4,2,5,6,6,6,6,6,NA,6,3,5,6,3,3,3,3,5,3,2,4,5,5,5,5,5,5,5,5,5,5,5,6,5,4,5,3,5,5,5,3,4,5,3,3.2857142857142856,5.857142857142857,4.8,3.625,3.5,5,5.2
eligible,pass,acceptable,7,1,9,1,be5f0fb8,27,male,NA,1,NA,NA,NA,NA,NA,NA,NA,NA,NA,NA,1,3,4,3,4,5,6,4,6,6,4,6,5,3,5,6,5,3,5,4,6,6,5,4,4,5,5,5,6,7,5,4,5,5,5,5,6,7,4,5,2,6,2,5,5,5,1,6,6,2,4.142857142857143,5.125,5.4,5,4.75,5.285714285714286,5.4
eligible,pass,acceptable,7,1,10,1,fedb7807,33,female,NA,1,NA,NA,NA,NA,NA,NA,NA,NA,NA,NA,1,5,5,7,3,7,5,6,6,6,6,5,7,6,4,5,4,5,3,3,4,5,3,4,6,5,5,4,5,7,5,6,4,4,6,5,5,5,5,7,4,4,4,3,5,4,4,4,4,5,5.428571428571429,5.625,3.9,3.625,5,5.285714285714286,5.4
eligible,pass,acceptable,7,1,10,1,299c831b,32,male,NA,1,NA,NA,NA,NA,NA,NA,NA,1,NA,NA,6,1,1,1,5,1,1,5,5,7,7,5,7,7,5,5,1,7,3,2,2,2,2,3,2,2,2,3,5,7,6,7,7,7,7,7,7,6,5,7,5,5,3,5,7,5,3,5,5,3,2.142857142857143,6,5.2,2,2.25,6.571428571428571,6.4
eligible,pass,acceptable,NA,1,11,1,a41f1ff4,22,male,NA,1,NA,NA,NA,NA,NA,NA,NA,NA,NA,NA,5,1,2,2,3,4,2,3,7,6,7,3,7,6,7,7,5,2,6,3,4,5,5,5,1,6,3,4,5,7,6,5,5,7,6,6,7,5,7,7,2,2,7,3,5,3,6,3,2,6,2.4285714285714284,6.25,2.5,4.875,3.5,5.857142857142857,6.4
eligible,pass,acceptable,7,1,8,1,9d083ea6,44,male,NA,1,NA,NA,NA,NA,NA,NA,NA,NA,NA,NA,2,5,5,5,5,6,5,5,6,7,6,5,3,5,5,6,4,6,4,3,5,5,4,5,4,6,5,6,3,3,4,5,6,5,5,6,7,6,5,4,5,5,3,5,5,3,5,5,5,3,5.142857142857143,5.375,4.6,4,5.25,4.428571428571429,5.6
eligible,pass,acceptable,6,2,10,1,72180349,29,male,NA,1,NA,NA,NA,NA,NA,NA,NA,NA,NA,NA,4,3,3,3,4,3,4,3,2,7,5,3,4,5,5,5,1,3,1,3,3,2,3,2,2,3,5,3,4,5,2,4,5,3,3,5,5,3,3,3,3,1,5,2,3,3,6,4,3,6,3.2857142857142856,4.5,2.6,2.5,3.25,3.7142857142857144,3.8
eligible,pass,acceptable,7,1,12,1,a3c752d6,32,male,NA,1,NA,NA,NA,NA,NA,NA,NA,NA,NA,NA,2,4,3,3,7,7,2,2,7,7,7,7,7,6,7,7,3,7,2,2,3,2,2,3,5,5,5,5,5,7,6,6,6,6,6,6,7,6,7,7,6,7,2,7,6,6,2,6,6,2,4,6.875,6.2,2.25,5,6,6.6
eligible,pass,acceptable,7,1,10,1,30cdbf10,56,female,NA,1,NA,NA,NA,NA,NA,NA,NA,NA,NA,NA,5,3,2,1,3,6,1,2,7,6,6,5,5,7,7,7,6,3,6,6,6,7,6,6,5,5,7,6,7,7,7,2,7,7,7,6,7,7,7,7,6,7,2,6,7,6,1,7,5,1,2.5714285714285716,6.25,6.4,6,5.75,6.285714285714286,6.8
eligible,pass,acceptable,7,1,13,1,f403e295,40,male,NA,1,NA,NA,NA,NA,NA,NA,NA,NA,NA,NA,2,3,5,3,3,5,2,7,6,7,6,6,7,6,5,6,5,4,3,5,6,5,7,5,7,5,6,7,5,7,2,3,6,7,4,6,6,6,7,7,1,1,7,1,1,2,7,1,1,7,4,6.125,1.1,5,6.25,4.857142857142857,6.4
eligible,pass,acceptable,7,1,13,1,3ddd874b,34,male,NA,1,NA,NA,NA,NA,NA,NA,NA,NA,NA,NA,5,5,6,4,5,5,3,4,6,7,6,6,6,6,5,5,3,6,2,2,3,5,2,3,5,3,6,5,4,7,1,6,6,6,5,7,7,5,6,7,2,2,5,4,2,2,6,5,3,4,4.571428571428571,5.875,2.9,2.75,4.75,5,6.4
eligible,pass,acceptable,7,1,13,1,884fb128,31,male,NA,1,NA,NA,NA,NA,NA,NA,NA,NA,NA,NA,2,6,7,4,6,6,2,3,6,7,6,6,7,5,7,6,2,7,3,1,1,1,3,2,4,5,3,3,7,7,5,7,6,7,5,7,7,7,7,7,7,6,1,3,5,4,1,2,7,1,4.857142857142857,6.25,5.5,1.75,3.75,6.285714285714286,7
eligible,pass,acceptable,7,1,12,1,1c51681b,49,male,NA,1,NA,NA,NA,NA,NA,NA,NA,NA,NA,NA,1,1,1,1,1,2,1,1,5,7,7,6,7,7,7,7,1,5,1,2,3,2,1,3,3,3,4,7,5,7,1,7,7,7,1,6,6,6,5,6,4,3,4,3,6,5,4,5,4,1,1.1428571428571428,6.625,4.5,2,4.25,5,5.8
eligible,pass,acceptable,7,1,12,1,a846624a,45,female,NA,1,NA,NA,NA,NA,NA,NA,NA,NA,NA,NA,6,2,2,5,2,6,2,3,3,7,5,3,4,7,6,4,2,5,2,3,3,4,3,3,6,4,5,6,7,7,2,7,5,5,5,4,7,7,5,7,5,5,2,4,6,4,2,4,4,3,3.142857142857143,4.875,4.9,2.875,5.25,5.428571428571429,6
eligible,pass,acceptable,7,1,5,1,2d7aff64,24,male,NA,1,NA,NA,NA,NA,NA,NA,NA,NA,NA,NA,5,3,4,4,4,4,3,5,4,7,4,4,4,7,5,4,6,1,3,5,5,5,5,5,5,5,4,4,4,4,5,4,4,5,7,7,5,5,4,4,4,5,1,4,4,4,1,4,4,1,3.857142857142857,4.875,5,5.125,4.5,4.714285714285714,5
ineligible,fail,low,7,6,16,1,807e6fe6,30,male,NA,NA,1,NA,NA,NA,NA,NA,NA,NA,NA,NA,5,7,6,6,7,7,6,6,7,7,7,7,6,7,7,6,6,7,7,6,6,6,7,7,7,7,6,7,7,7,6,6,7,7,6,6,6,6,7,6,6,7,6,7,6,6,7,6,7,7,6.428571428571429,6.75,4.9,5.75,6.75,6.571428571428571,6.2
eligible,pass,acceptable,7,1,17,1,3104b5a4,33,male,NA,1,NA,NA,NA,NA,NA,NA,NA,NA,NA,NA,2,5,6,6,5,5,3,3,5,6,6,5,6,5,5,5,2,5,4,2,2,4,1,6,6,4,4,5,6,7,5,6,6,5,6,6,6,5,5,6,3,3,5,3,3,2,6,5,2,4,4.714285714285714,5.375,3,3,4.75,5.857142857142857,5.6
eligible,pass,acceptable,7,1,7,1,eb0c3c6b,30,female,NA,NA,1,NA,NA,NA,NA,NA,NA,NA,NA,NA,5,5,6,6,7,7,3,7,7,7,7,7,7,7,7,7,7,2,7,5,7,7,7,7,7,7,7,7,7,7,2,3,6,7,7,7,7,7,7,7,1,1,7,1,1,1,7,1,1,7,5.857142857142857,7,1,6.625,7,5.571428571428571,7
ineligible,fail,acceptable,7,1,6,1,c2e03e83,29,male,NA,NA,NA,NA,NA,NA,NA,NA,NA,NA,1,hispanic,5,5,5,4,4,4,4,5,6,5,5,4,5,5,6,5,5,4,4,3,4,5,3,4,5,5,5,2,5,5,4,4,3,4,2,5,3,3,5,5,2,2,5,2,2,2,5,2,2,5,4.428571428571429,5.125,2.3,4,4.25,3.857142857142857,4.2
eligible,pass,acceptable,7,1,20,1,05181eb0,51,male,NA,NA,1,NA,NA,NA,NA,NA,NA,NA,NA,NA,2,4,4,4,4,4,4,1,4,6,6,6,6,6,4,4,6,2,1,6,6,7,7,6,7,7,7,7,6,7,7,4,2,7,7,7,7,7,7,7,1,1,7,1,1,1,7,1,1,6,3.5714285714285716,5.25,1.1,5.625,7,5.714285714285714,7
eligible,pass,acceptable,7,1,6,1,04aa21a0,21,male,NA,NA,NA,NA,NA,NA,NA,NA,NA,NA,1,Hispanic,1,6,5,5,6,5,7,6,5,7,7,6,6,7,6,6,4,6,7,6,7,6,2,5,5,7,6,5,4,6,5,7,5,6,6,7,7,6,6,6,5,5,2,6,5,5,2,5,4,2,5.714285714285714,6.25,5.3,4.875,5.75,5.571428571428571,6.4
eligible,pass,acceptable,7,1,4,1,515988a7,31,male,NA,1,NA,NA,NA,NA,NA,NA,NA,NA,NA,NA,4,5,5,4,6,5,6,4,4,5,3,4,4,3,3,4,5,6,3,7,6,5,4,6,6,5,5,6,6,4,5,6,5,6,4,5,5,5,6,5,4,6,5,6,6,4,5,5,6,5,5,3.75,4.6,4.75,5.5,5.142857142857143,5.2
eligible,pass,acceptable,4,6,21,1,881be70e,42,male,NA,1,NA,NA,NA,NA,NA,NA,NA,NA,NA,NA,1,7,7,1,7,7,2,7,7,7,7,6,6,7,7,7,5,5,5,5,7,6,6,5,7,7,7,7,6,7,6,7,6,7,7,7,7,7,7,7,5,5,5,6,5,6,5,4,2,2,5.428571428571429,6.75,4.5,5.25,7,6.571428571428571,7
ineligible,fail,low,6,6,9,1,2d9c8d63,28,male,NA,NA,NA,1,NA,NA,NA,NA,NA,NA,NA,NA,5,6,6,6,6,6,6,6,6,6,6,6,6,6,6,6,6,6,6,5,6,6,6,6,6,6,6,6,6,6,6,6,6,6,6,6,6,6,6,5,6,6,6,6,5,6,6,5,5,6,6,6,4.5,5.375,6,6,5.8
eligible,pass,acceptable,7,1,22,1,3d5a6335,31,female,NA,1,1,NA,NA,NA,NA,NA,NA,NA,NA,NA,5,4,3,2,3,4,3,2,5,6,5,3,2,5,7,6,2,6,3,2,5,5,5,4,7,4,7,6,6,7,4,6,5,7,5,6,6,7,6,6,5,5,2,4,6,4,2,6,5,4,3,4.875,5.1,3.5,6,5.714285714285714,6.2
eligible,pass,acceptable,7,1,23,1,55c133fe,28,male,NA,1,NA,NA,NA,NA,NA,NA,NA,NA,NA,NA,6,2,2,7,6,6,2,3,6,7,7,7,7,6,7,7,2,6,7,2,3,1,2,4,7,6,6,7,6,7,7,6,6,7,4,6,6,7,7,7,5,6,1,6,6,6,2,7,6,2,4,6.75,6.1,2.875,6.5,6.142857142857143,6.6
eligible,pass,acceptable,7,1,23,1,cc10218d,57,male,NA,1,NA,NA,NA,NA,NA,NA,NA,NA,NA,NA,6,2,2,2,5,3,2,2,4,5,3,5,6,6,5,5,2,4,3,3,3,3,2,3,4,4,5,5,6,6,3,5,5,6,7,7,7,6,7,6,5,5,2,5,6,5,2,5,6,2,2.5714285714285716,4.875,5.5,2.875,4.5,5.428571428571429,6.6
eligible,pass,acceptable,7,1,9,1,db850a06,41,male,NA,1,NA,NA,NA,NA,NA,NA,NA,NA,NA,NA,2,2,2,1,5,7,1,2,7,7,7,5,7,7,7,6,2,7,3,3,2,3,2,4,3,2,4,2,7,7,4,6,6,7,7,7,7,7,7,7,6,6,2,5,7,5,2,5,6,2,2.857142857142857,6.625,5.8,2.5,2.75,6.285714285714286,7
eligible,pass,acceptable,7,1,25,1,6102a6d5,28,female,NA,NA,1,NA,NA,NA,NA,NA,NA,NA,NA,NA,6,4,5,3,6,5,5,3,6,7,5,5,5,6,6,6,1,6,1,2,3,1,1,1,5,5,5,5,5,7,1,6,7,7,5,7,7,5,7,7,6,5,1,5,6,4,1,5,5,1,4.428571428571429,5.75,5.7,1.5,5,5.428571428571429,6.6
eligible,pass,acceptable,7,1,24,1,beca6a40,27,female,NA,NA,1,NA,NA,NA,NA,NA,NA,NA,NA,NA,5,1,1,1,6,7,1,1,7,7,7,7,7,7,7,7,1,4,1,1,2,7,6,2,3,2,3,3,5,7,7,6,6,7,7,5,6,5,7,7,3,4,5,4,5,4,4,3,5,5,2.5714285714285716,7,3.8,3,2.75,6.428571428571429,6
ineligible,fail,acceptable,2,2,19,1,c0275be9,25,male,NA,NA,1,NA,NA,NA,NA,NA,NA,NA,NA,NA,2,4,3,2,1,4,4,3,3,4,2,3,5,3,4,2,4,5,6,4,2,5,2,3,1,6,1,3,5,3,3,7,4,2,3,4,6,3,3,7,1,3,4,3,7,6,6,4,1,6,3,3.25,3.3,3.625,2.75,3.857142857142857,4.6
eligible,pass,acceptable,7,1,9,1,d5bee3f7,31,male,NA,1,NA,NA,NA,NA,NA,NA,NA,NA,NA,NA,1,1,1,1,2,4,1,2,5,7,4,4,6,4,5,5,1,7,1,1,1,1,1,1,2,1,2,1,1,6,7,7,7,7,1,4,5,5,4,6,1,2,6,1,4,2,6,2,1,4,1.7142857142857142,5,2.1,1,1.5,5.142857142857143,4.8
eligible,pass,acceptable,7,1,30,1,7d659d08,28,female,NA,NA,1,NA,NA,NA,NA,NA,NA,NA,NA,NA,2,5,4,5,3,7,2,3,3,1,6,2,6,6,7,7,4,7,5,4,7,7,7,4,7,7,7,7,7,7,7,3,3,7,7,7,7,7,6,7,6,6,2,7,6,4,2,7,6,2,4.142857142857143,4.75,6,4.875,7,5.857142857142857,6.8
eligible,pass,acceptable,7,1,25,1,f3c6ccab,35,male,NA,1,NA,NA,NA,NA,NA,NA,NA,NA,NA,NA,5,2,2,2,2,6,2,2,6,7,6,5,6,6,6,6,2,5,5,3,3,3,3,3,6,5,3,6,5,7,5,4,6,6,6,6,7,6,6,6,2,2,7,2,2,2,7,3,2,6,2.5714285714285716,6,1.9,3.125,5,5.571428571428571,6.2
ineligible,fail,low,6,1,9,1,8aa7d05a,33,female,NA,1,NA,NA,NA,NA,NA,NA,NA,NA,NA,NA,2,4,4,4,4,5,5,4,4,5,5,5,4,5,5,5,5,5,5,4,4,6,4,4,5,4,5,4,5,5,4,5,4,4,4,4,4,5,5,5,4,4,3,4,5,4,3,3,3,2,4.285714285714286,4.75,4.3,4.375,4.5,4.428571428571429,4.6
eligible,pass,acceptable,7,1,42,1,4215d1ad,22,male,NA,1,NA,NA,NA,NA,NA,NA,NA,NA,NA,NA,5,5,5,7,5,6,2,7,5,6,4,5,7,7,6,5,1,4,1,2,3,2,1,1,5,1,5,5,7,7,7,6,6,7,7,7,1,6,6,6,4,4,3,5,2,2,2,2,5,2,5.285714285714286,5.625,4.1,1.875,4,6.714285714285714,5.2
eligible,pass,acceptable,7,1,18,1,c466d525,33,male,NA,NA,NA,NA,NA,NA,NA,NA,NA,NA,1,latino,4,2,2,2,5,4,4,2,5,5,4,3,4,5,4,5,2,4,3,3,4,3,6,3,5,5,5,5,6,6,5,2,3,6,4,6,6,6,6,6,3,3,4,3,3,3,4,3,4,3,3,4.375,3.5,3.5,5,4.571428571428571,6
eligible,pass,acceptable,7,1,11,1,8eb94a01,33,female,NA,1,NA,NA,NA,NA,NA,NA,NA,NA,NA,NA,5,5,4,6,4,6,4,5,6,4,6,6,5,6,6,6,2,4,5,3,4,2,3,5,7,7,7,7,6,6,4,6,7,7,4,6,7,7,7,7,3,3,5,3,3,2,5,5,3,6,4.857142857142857,5.625,3,3.5,7,5.714285714285714,6.8
eligible,pass,acceptable,7,1,42,1,6d3d1537,26,female,NA,1,NA,NA,NA,NA,NA,NA,NA,NA,NA,NA,2,5,5,5,4,5,4,5,6,6,6,7,6,6,6,6,4,3,5,5,6,6,5,5,5,6,6,5,5,6,4,3,4,7,3,6,4,6,6,5,4,3,5,2,3,2,6,3,2,5,4.714285714285714,6.125,2.7,5.125,5.5,4.571428571428571,5.4
ineligible,fail,low,5,6,6,1,35930e4d,29,male,NA,1,NA,NA,NA,NA,NA,NA,NA,NA,NA,NA,6,6,6,5,5,5,6,5,4,5,5,6,4,6,6,6,5,5,6,4,5,6,5,6,5,5,5,5,5,4,6,5,5,5,6,4,6,4,5,6,5,6,5,5,5,6,4,5,6,5,5.428571428571429,5.25,4.8,5,5,5.142857142857143,5
ineligible,fail,low,6,7,17,1,daa99b05,30,male,NA,NA,1,NA,NA,NA,NA,NA,NA,NA,NA,NA,5,7,6,6,6,6,6,6,7,5,7,7,6,6,6,7,6,6,7,7,6,7,6,6,6,7,6,6,6,6,7,7,7,7,6,7,6,6,5,6,7,7,7,7,5,6,5,6,6,6,6.142857142857143,6.375,5,5.875,6.25,6.571428571428571,6
ineligible,fail,low,6,7,9,1,73e45b14,28,male,NA,NA,1,NA,NA,NA,NA,NA,NA,NA,NA,NA,5,6,7,6,7,6,6,6,7,6,6,6,7,6,7,7,6,7,6,6,6,7,7,6,6,7,6,6,7,7,7,7,7,6,7,7,7,7,6,6,7,7,6,7,7,6,7,6,6,6,6.285714285714286,6.5,5.1,5.625,6.25,6.857142857142857,6.6
eligible,pass,acceptable,7,1,50,1,97663bf3,33,male,NA,1,NA,NA,NA,NA,NA,NA,NA,NA,NA,NA,5,6,7,3,3,4,7,5,3,4,6,5,3,7,1,6,4,7,6,2,2,5,1,5,2,6,3,7,6,4,3,5,3,3,3,1,6,6,3,6,3,2,7,5,1,4,7,3,5,6,5,4.375,2.7,3.25,4.5,3.857142857142857,4.4
eligible,pass,acceptable,6,2,17,1,312d7914,30,male,NA,1,NA,NA,NA,NA,NA,NA,NA,NA,NA,NA,5,4,3,3,4,3,3,2,6,5,5,4,6,6,4,5,1,7,1,2,2,2,1,2,5,5,5,5,3,7,1,6,7,7,5,7,7,6,6,7,4,3,4,3,6,5,4,3,4,4,3.142857142857143,5.125,4,1.5,5,5.142857142857143,6.6
ineligible,pass,low,6,4,14,1,c0e4eb4a,54,male,NA,1,NA,NA,NA,NA,NA,NA,NA,NA,NA,NA,5,4,4,3,3,5,4,4,5,4,6,4,5,5,4,4,4,5,4,5,5,3,4,5,5,4,4,5,5,3,4,5,5,5,4,4,5,4,4,4,4,3,4,3,4,4,4,5,4,4,3.857142857142857,4.625,3.9,4.125,4.5,4.428571428571429,4.2
eligible,pass,acceptable,7,1,17,1,f7529e24,30,male,NA,1,NA,NA,NA,NA,NA,NA,NA,NA,NA,NA,2,5,5,2,4,3,6,5,5,6,4,2,2,2,3,3,1,6,2,1,2,3,1,2,5,3,3,3,2,6,6,7,6,5,5,5,4,2,3,5,1,1,7,1,1,1,7,1,1,7,4.285714285714286,3.375,1,1.75,3.5,5.285714285714286,3.8
eligible,pass,acceptable,7,1,66,1,60a3ef32,39,female,NA,NA,1,NA,NA,NA,NA,NA,NA,NA,NA,NA,2,1,6,1,7,7,7,7,7,7,7,4,7,5,7,1,7,1,7,7,7,7,7,7,1,1,4,1,7,7,7,1,5,7,7,7,7,7,7,7,7,7,1,7,7,7,1,5,7,1,5.142857142857143,5.625,6.8,7,1.75,5.857142857142857,7
eligible,pass,acceptable,7,2,10,1,b3900c5d,42,male,NA,1,NA,NA,NA,NA,NA,NA,NA,NA,NA,NA,5,4,4,4,5,5,4,5,6,4,7,4,3,5,6,4,2,5,2,1,1,1,1,2,6,6,7,7,3,7,5,6,6,7,6,7,6,7,6,6,5,3,3,4,5,4,2,3,4,2,4.428571428571429,4.875,4.5,1.625,6.5,5.714285714285714,6.4
ineligible,fail,low,7,1,6,1,73f33397,33,male,NA,1,NA,NA,NA,NA,NA,NA,NA,NA,NA,NA,5,5,4,6,5,6,5,5,5,4,5,5,5,4,6,5,4,4,5,6,5,4,5,4,4,5,5,6,6,5,4,5,6,5,6,5,5,6,5,5,4,5,5,5,6,6,4,4,5,5,5.142857142857143,4.875,4.5,4.625,5,5.285714285714286,5.2
ineligible,fail,acceptable,7,6,4,1,4d4ad16c,25,female,NA,1,NA,NA,NA,NA,NA,NA,NA,NA,NA,NA,5,4,4,5,6,5,4,4,7,4,6,4,4,4,5,4,4,2,5,5,5,5,4,5,5,6,5,4,6,4,5,5,6,5,5,5,4,6,5,6,6,4,4,4,4,4,4,3,6,6,4.571428571428571,4.75,4.1,4.875,5,5.142857142857143,5.2
eligible,pass,acceptable,7,1,79,1,37233726,32,male,NA,1,NA,NA,NA,NA,NA,NA,NA,NA,NA,NA,5,5,1,3,4,4,3,5,6,5,5,7,2,7,4,2,4,7,5,1,3,1,4,1,4,2,2,7,5,4,6,7,1,2,4,3,3,6,4,3,2,6,2,7,2,4,5,1,2,6,3.5714285714285716,4.75,3.5,2.5,3.75,4.142857142857143,3.8
ineligible,fail,low,7,6,15,1,7d9bea57,30,male,NA,NA,NA,1,NA,NA,NA,NA,NA,NA,NA,NA,5,7,7,6,7,6,6,6,7,6,7,7,7,6,6,6,7,7,7,6,6,6,7,6,6,6,7,6,7,7,6,7,7,6,7,7,7,6,7,6,7,7,6,7,7,7,6,6,6,7,6.428571428571429,6.5,5.2,5.75,6.25,6.714285714285714,6.6
ineligible,pass,low,7,1,15,1,ea94333b,25,male,NA,1,NA,NA,NA,NA,NA,NA,NA,NA,NA,NA,5,5,5,5,6,5,4,5,5,5,4,5,5,6,6,4,6,6,4,6,6,5,5,7,5,5,5,4,5,4,5,5,5,5,5,5,4,5,6,5,6,5,6,7,5,7,5,5,5,6,5,5,4.7,5.125,4.75,4.857142857142857,5
ineligible,pass,low,7,1,11,1,e60b0cca,37,male,NA,1,NA,NA,NA,NA,NA,NA,NA,NA,NA,NA,5,5,5,3,5,5,5,5,5,5,6,5,5,5,5,6,4,6,6,5,5,4,5,5,5,5,5,5,5,7,5,5,5,5,5,6,6,5,6,5,6,5,3,5,5,6,2,5,6,2,4.714285714285714,5.25,5.5,4.5,5,5.285714285714286,5.6
ineligible,fail,acceptable,7,1,4,1,e03f2487,25,male,NA,1,NA,NA,NA,NA,NA,NA,NA,NA,NA,NA,5,6,5,6,6,6,5,7,5,6,6,5,6,6,6,7,5,6,5,5,6,6,5,6,4,6,5,3,5,5,6,5,5,6,5,4,6,5,5,6,6,6,6,7,6,6,7,7,6,6,5.857142857142857,5.875,4.9,5,4.5,5.285714285714286,5.2
eligible,pass,acceptable,7,1,3,1,ad569a04,25,male,NA,NA,NA,NA,NA,NA,NA,1,NA,NA,NA,NA,6,5,3,6,5,6,5,6,5,7,6,6,6,6,6,5,6,7,6,5,5,6,5,6,5,6,6,2,6,5,6,6,6,6,6,5,5,4,6,5,6,6,1,6,6,6,1,4,5,6,5.142857142857143,5.875,5.5,5,4.75,5.857142857142857,5
ineligible,fail,acceptable,7,1,4,1,d450dfe8,23,male,NA,1,NA,NA,NA,NA,NA,NA,NA,NA,NA,NA,5,1,1,1,1,7,1,1,7,7,7,1,7,7,7,7,1,7,1,1,1,1,7,1,7,7,7,7,7,7,7,7,7,7,1,7,7,7,7,7,7,7,1,7,7,7,1,7,7,1,1.8571428571428572,6.25,7,1.75,7,6.142857142857143,7
eligible,pass,acceptable,7,1,7,1,e8c8dd05,28,male,NA,1,NA,NA,NA,NA,NA,NA,NA,NA,NA,NA,6,2,2,2,4,6,2,2,7,6,5,6,6,7,6,6,3,6,3,3,3,3,3,4,3,4,5,2,6,7,5,6,7,7,4,7,7,7,7,7,6,6,1,7,6,6,1,5,6,1,2.857142857142857,6.125,6.3,3,3.5,6,7
eligible,pass,acceptable,7,1,30,1,2b701a21,32,male,NA,1,NA,NA,NA,NA,NA,NA,NA,NA,NA,NA,5,3,3,4,5,5,2,2,5,7,6,6,7,5,7,4,1,4,2,1,4,3,3,3,5,3,4,2,5,5,4,7,5,7,3,7,7,4,5,4,3,2,5,1,4,2,6,2,3,6,3.4285714285714284,5.875,2.4,2.625,3.5,5.142857142857143,5.4
eligible,pass,acceptable,7,4,8,1,2b8e4e28,20,male,NA,NA,1,NA,NA,NA,NA,NA,NA,NA,NA,NA,2,3,4,3,4,5,5,3,4,7,6,5,6,5,5,5,5,3,5,2,5,2,4,5,5,6,5,6,5,4,4,5,5,6,4,7,6,6,5,4,3,4,3,3,4,4,5,3,4,5,3.857142857142857,5.375,3.6,4.125,5.5,4.714285714285714,5.6
ineligible,fail,low,5,5,7,1,92a9b77c,26,male,NA,NA,NA,NA,NA,NA,NA,NA,1,NA,NA,NA,6,4,4,5,5,5,4,5,4,6,4,5,4,4,4,5,4,4,5,5,6,5,5,4,5,4,4,5,4,4,5,4,4,5,5,5,5,5,4,4,5,5,4,4,4,5,5,4,4,4,4.571428571428571,4.5,4.2,4.75,4.5,4.428571428571429,4.6
ineligible,fail,acceptable,7,1,9,1,f286d159,36,male,NA,NA,NA,NA,NA,NA,NA,1,NA,NA,NA,NA,5,4,5,5,5,5,7,7,6,7,7,6,7,7,5,7,3,6,7,3,3,3,3,3,5,2,4,4,7,7,4,6,6,7,4,7,7,6,6,7,4,4,5,4,7,4,5,4,2,3,5.428571428571429,6.5,4,3.375,3.75,5.857142857142857,6.6
eligible,pass,acceptable,7,1,7,1,bf81b96d,28,male,NA,NA,NA,NA,NA,NA,NA,NA,1,NA,NA,NA,5,5,4,4,4,5,4,5,5,4,5,6,6,5,6,5,5,4,5,5,6,5,4,5,6,6,4,5,4,5,4,4,5,4,5,4,5,5,6,5,4,5,4,5,6,5,4,4,4,5,4.428571428571429,5.25,4.4,4.875,5.25,4.428571428571429,5
ineligible,fail,low,7,6,17,1,65a291de,30,male,NA,NA,NA,1,NA,NA,NA,NA,NA,NA,NA,NA,5,7,6,6,7,6,6,6,7,6,7,7,6,7,6,7,6,7,7,6,7,7,7,7,6,7,7,7,7,6,6,6,6,6,7,6,6,7,7,6,7,7,6,6,6,6,7,7,6,7,6.285714285714286,6.625,4.9,6,6.75,6.285714285714286,6.4
ineligible,fail,low,6,5,8,1,4d6f4390,29,male,NA,NA,1,NA,NA,NA,NA,NA,NA,NA,NA,NA,5,5,6,5,5,6,5,6,5,6,5,5,6,5,6,5,5,5,5,6,6,5,5,6,5,5,6,6,5,6,5,6,5,6,6,5,5,6,5,7,5,5,6,5,6,6,6,6,6,5,5.428571428571429,5.375,4.6,5.125,5.5,5.571428571428571,5.6
eligible,pass,acceptable,7,1,22,1,7eafd8fb,47,male,NA,NA,1,NA,NA,NA,NA,NA,NA,NA,NA,NA,2,2,2,1,7,4,6,1,4,6,5,3,4,2,4,2,1,6,5,1,1,1,2,3,5,6,5,6,7,7,6,6,6,6,7,5,6,6,7,6,5,4,4,4,4,5,4,5,4,4,3.2857142857142856,3.75,4.3,2,5.5,6.428571428571429,6
ineligible,fail,low,6,7,9,1,df049cb1,29,male,NA,NA,1,NA,NA,NA,NA,NA,NA,NA,NA,NA,5,6,7,7,6,6,6,6,6,7,6,7,6,7,7,6,6,7,6,7,7,6,7,7,6,7,7,7,6,6,7,6,6,6,7,6,6,7,7,7,6,7,7,6,6,6,7,6,7,6,6.285714285714286,6.5,4.8,5.875,6.75,6.285714285714286,6.6
ineligible,pass,low,7,1,10,1,97d6846d,27,male,NA,1,NA,NA,NA,NA,NA,NA,NA,NA,NA,NA,5,5,5,5,4,6,5,5,5,5,6,5,5,5,5,4,5,3,5,5,4,5,5,5,5,4,4,4,5,4,5,5,5,5,5,5,4,5,5,4,3,4,4,3,4,3,5,3,4,5,5,5,3.4,4.875,4.25,4.857142857142857,4.6
ineligible,fail,acceptable,7,1,4,1,e866d46d,23,male,NA,NA,NA,NA,NA,NA,NA,1,NA,NA,NA,NA,6,7,6,6,7,7,6,6,6,7,6,7,6,6,5,6,6,6,6,5,6,6,4,6,6,2,6,6,5,6,6,6,5,6,5,6,7,7,6,5,6,6,3,7,6,5,4,6,5,2,6.428571428571429,6.125,5.6,5.125,5,5.571428571428571,6.2
eligible,pass,acceptable,7,2,12,1,26e704fb,36,male,NA,1,NA,NA,NA,NA,NA,NA,NA,NA,NA,NA,1,1,3,6,5,5,5,5,7,5,6,3,2,5,6,3,4,7,2,2,2,3,2,2,4,3,2,4,7,7,6,7,5,7,3,7,7,7,7,6,2,6,2,3,5,2,3,6,5,2,4.285714285714286,4.625,4.6,2.25,3.25,6,6.8
eligible,pass,acceptable,7,1,25,1,89bb2c74,32,male,NA,NA,NA,NA,NA,1,NA,NA,NA,NA,NA,NA,6,1,1,1,6,6,7,6,6,6,6,6,6,7,7,6,6,1,2,6,2,6,1,4,6,4,3,1,6,7,6,6,6,7,6,7,6,6,7,6,6,6,1,4,6,7,1,7,6,1,4,6.25,6.3,4.25,3.5,6.285714285714286,6.4
eligible,pass,acceptable,7,2,14,1,b62b22fd,36,male,NA,1,NA,NA,NA,NA,NA,NA,NA,NA,NA,NA,6,2,2,2,5,6,2,3,5,6,4,5,6,6,6,6,3,5,3,2,3,3,3,4,5,2,5,5,2,6,3,6,6,7,3,6,6,6,6,6,4,4,2,4,6,4,4,4,4,2,3.142857142857143,5.5,4.6,3,4.25,4.714285714285714,6
eligible,pass,acceptable,7,1,16,1,9ac188b9,28,male,NA,1,NA,NA,NA,NA,NA,NA,NA,NA,NA,NA,1,3,2,2,3,4,2,2,3,5,5,4,5,5,6,5,1,6,5,2,2,2,1,2,4,5,4,4,4,6,6,6,5,5,6,5,6,5,5,6,6,6,2,6,6,6,2,6,6,1,2.5714285714285716,4.75,6.1,2.125,4.25,5.428571428571429,5.4
ineligible,fail,acceptable,7,6,25,1,947fea23,29,male,NA,NA,NA,NA,NA,NA,NA,NA,1,NA,NA,NA,6,7,5,7,7,6,7,7,6,6,6,7,7,6,7,6,7,7,6,7,6,7,6,7,6,7,6,5,7,6,5,5,7,6,7,5,6,7,7,7,5,7,7,7,6,6,7,6,6,5,6.571428571428571,6.375,4.8,5.875,6,6.142857142857143,6.4
ineligible,fail,low,7,1,13,1,0b2751cc,28,male,NA,1,NA,NA,NA,NA,NA,NA,NA,NA,NA,NA,5,6,5,5,6,6,5,4,6,5,6,5,6,5,5,5,6,5,4,5,5,5,4,5,4,6,6,4,5,5,4,5,5,5,5,5,5,6,5,6,6,5,6,5,6,5,2,5,5,5,5.285714285714286,5.375,4.8,4.625,5,4.857142857142857,5.4
ineligible,pass,low,7,1,7,1,a4cdb5fe,28,male,NA,1,NA,NA,NA,NA,NA,NA,NA,NA,NA,NA,5,6,6,4,5,5,5,4,7,6,6,5,5,5,5,5,5,4,6,6,5,5,5,5,5,5,5,4,6,5,5,6,6,5,6,5,6,5,6,5,5,6,4,4,3,5,5,4,5,4,5,5.5,4.3,5.125,4.75,5.571428571428571,5.4
eligible,pass,acceptable,7,1,24,1,afea6388,28,male,NA,1,NA,NA,NA,NA,NA,NA,NA,NA,NA,NA,5,5,6,5,4,6,4,5,5,5,5,4,5,7,6,6,4,4,3,3,5,6,2,6,4,6,5,3,6,5,5,6,5,6,6,4,5,6,6,6,7,7,1,7,6,6,2,6,7,3,5,5.375,6.4,4.125,4.5,5.571428571428571,5.4
eligible,pass,acceptable,7,1,6,1,31e9efcd,23,female,NA,1,NA,NA,NA,NA,NA,NA,NA,NA,NA,NA,2,6,6,4,4,3,4,4,5,6,3,3,3,4,3,4,3,4,5,2,4,2,7,4,5,5,6,5,4,5,3,4,4,4,4,5,6,4,4,4,1,2,5,2,1,2,6,2,2,5,4.428571428571429,3.875,2,3.875,5.25,4,4.6
ineligible,fail,acceptable,7,6,12,1,71358499,30,female,NA,1,NA,NA,NA,NA,NA,NA,NA,NA,NA,NA,1,4,4,3,5,4,5,4,4,4,4,3,4,4,3,3,5,3,4,4,5,5,4,4,3,5,6,5,5,4,4,4,4,4,3,5,4,5,4,5,3,3,4,5,3,4,5,5,4,4,4.142857142857143,3.625,3.8,4.5,4.75,4,4.6
ineligible,fail,low,6,7,4,1,e2615633,29,female,NA,1,NA,NA,NA,NA,NA,NA,NA,NA,NA,NA,6,7,6,6,5,6,7,6,6,6,7,7,5,7,6,7,6,6,7,7,5,7,7,6,7,6,6,7,6,6,7,7,6,5,6,7,6,6,6,6,5,7,7,7,6,6,6,6,7,7,6.142857142857143,6.375,4.8,5.875,6.5,6.142857142857143,6.2
eligible,pass,acceptable,7,1,7,1,aa81f399,31,male,NA,1,NA,NA,NA,NA,NA,NA,NA,NA,NA,NA,5,5,5,6,6,6,6,5,6,5,5,6,5,5,5,5,5,4,6,6,5,6,4,5,5,4,4,5,4,5,5,6,5,6,5,5,5,3,5,5,6,6,3,5,5,3,5,5,5,2,5.571428571428571,5.25,4.9,5.125,4.5,5.142857142857143,4.6
ineligible,fail,low,6,7,6,1,e64ebcf2,27,male,NA,NA,NA,1,NA,NA,NA,NA,NA,NA,NA,NA,6,7,6,6,6,7,6,7,6,6,7,6,7,7,6,7,6,7,7,7,7,6,6,6,6,7,6,7,7,7,7,7,7,6,6,6,6,6,6,6,6,6,7,7,7,7,6,6,6,6,6.428571428571429,6.5,5,5.75,6.5,6.714285714285714,6
eligible,pass,acceptable,5,2,31,1,47a11232,21,male,NA,1,NA,NA,NA,NA,NA,NA,NA,NA,NA,NA,2,5,5,5,5,5,2,5,6,5,5,6,5,6,6,6,3,5,4,3,3,6,3,3,4,5,6,5,5,6,6,5,5,6,6,6,6,5,6,6,3,4,5,3,4,3,5,4,4,4,4.571428571428571,5.625,3.5,3.5,5,5.571428571428571,5.8
ineligible,fail,acceptable,5,4,3,1,f5eaa698,27,male,NA,1,NA,NA,NA,NA,NA,NA,NA,NA,NA,NA,1,3,5,5,3,3,4,4,5,3,3,3,5,3,4,4,3,5,4,5,4,5,5,4,4,4,4,3,3,3,3,3,5,5,5,3,5,3,4,3,3,4,3,5,5,4,3,4,4,5,3.857142857142857,3.75,4.2,4.125,3.75,3.857142857142857,3.6
ineligible,fail,acceptable,7,2,4,1,bf2e4aca,21,male,NA,1,NA,NA,NA,NA,NA,NA,NA,NA,NA,NA,2,3,4,6,7,5,5,6,6,4,6,6,5,5,5,7,5,6,5,7,6,6,6,5,6,5,7,6,5,6,7,6,6,6,5,5,5,6,5,7,5,6,4,7,3,5,5,6,5,4,5.142857142857143,5.5,4.8,5.25,6,5.857142857142857,5.6
ineligible,fail,low,4,5,5,1,418754ee,28,female,NA,1,NA,NA,NA,NA,NA,NA,NA,NA,NA,NA,5,5,5,5,4,5,5,4,4,4,5,4,4,4,3,5,4,4,4,4,4,5,5,4,5,5,5,4,4,4,4,5,5,5,4,5,5,5,4,5,4,3,5,4,4,5,5,4,5,4,4.714285714285714,4.125,3.9,4.25,4.75,4.428571428571429,4.8
eligible,pass,acceptable,7,1,7,1,2c725837,35,male,NA,NA,1,NA,NA,NA,NA,NA,NA,NA,NA,NA,6,4,5,3,4,3,6,5,4,5,4,3,6,5,6,4,5,4,6,4,2,6,6,5,3,6,5,2,3,2,6,4,5,3,5,4,4,6,4,4,4,3,4,2,6,6,4,7,5,5,4.285714285714286,4.625,4.4,4.75,4,4,4.4
eligible,pass,acceptable,7,1,7,1,e02c5f4f,24,male,NA,NA,NA,NA,NA,NA,NA,1,NA,NA,NA,NA,2,3,4,1,7,7,3,3,7,7,7,3,7,7,7,7,5,6,1,1,7,7,1,7,3,1,4,1,4,7,1,7,6,7,5,5,3,3,5,7,3,4,5,5,4,3,3,4,4,6,4,6.5,3.7,3.875,2.25,5.285714285714286,4.6
eligible,pass,acceptable,7,1,7,1,cbe5427f,35,female,NA,1,NA,NA,NA,NA,NA,NA,NA,NA,NA,NA,2,1,1,1,7,7,1,1,7,7,7,7,7,7,7,7,1,5,6,2,5,6,5,1,4,3,5,4,5,7,7,5,7,7,7,7,6,5,5,7,4,3,5,2,3,4,5,3,3,5,2.7142857142857144,7,3.1,3.625,4,6.428571428571429,6
ineligible,fail,acceptable,7,1,4,1,c89a0b61,25,male,NA,1,NA,NA,NA,NA,NA,NA,NA,NA,NA,NA,3,5,6,6,5,5,5,5,5,5,6,5,4,4,6,5,6,6,5,4,5,6,5,5,4,5,6,6,6,4,5,4,4,5,6,5,4,5,4,4,5,7,6,4,5,5,6,5,6,4,5.285714285714286,5,4.5,4.75,5.25,4.857142857142857,4.4
eligible,pass,acceptable,7,1,7,1,c49adde2,36,male,NA,1,NA,NA,NA,NA,NA,NA,NA,NA,NA,NA,6,4,3,3,3,5,3,3,5,6,5,5,5,5,5,5,4,5,3,3,3,3,2,3,5,2,3,3,5,5,3,5,4,5,6,5,5,4,5,4,2,2,6,2,3,2,6,2,2,6,3.4285714285714284,5.125,2.1,3,3.25,4.714285714285714,4.6
eligible,pass,acceptable,7,1,7,1,be5166dc,22,male,NA,1,NA,NA,NA,NA,NA,NA,NA,NA,NA,NA,2,7,7,5,5,7,7,3,6,7,5,6,7,5,6,5,2,5,7,1,2,2,2,3,4,5,4,5,3,6,5,7,7,5,6,5,5,6,4,6,6,7,2,5,6,6,4,6,7,2,5.857142857142857,5.875,5.9,2.75,4.5,5.571428571428571,5.2
ineligible,fail,acceptable,7,5,7,1,8df00457,27,female,NA,1,NA,NA,NA,NA,NA,NA,NA,NA,NA,NA,6,4,5,6,4,5,4,6,4,5,5,6,4,4,4,5,5,5,5,4,4,6,6,5,6,6,4,4,4,6,5,4,6,4,4,6,4,4,6,4,4,5,6,4,6,5,4,5,6,5,4.857142857142857,4.625,4.4,4.75,5,4.714285714285714,4.8
eligible,pass,acceptable,7,1,7,1,a053dcf0,23,female,NA,1,NA,NA,NA,NA,NA,NA,NA,NA,NA,NA,5,4,4,4,5,7,4,4,7,5,7,6,6,6,7,6,1,5,1,2,1,1,2,4,7,7,7,7,6,7,4,7,7,7,7,7,7,7,7,7,2,4,1,1,4,2,4,2,2,1,4.571428571428571,6.25,3.5,1.875,7,6.428571428571429,7
eligible,pass,acceptable,7,1,8,1,4497848c,44,female,NA,1,NA,NA,NA,NA,NA,NA,NA,NA,NA,NA,2,1,4,3,5,7,1,4,7,7,7,7,7,7,6,7,5,5,5,4,7,4,6,4,7,7,7,7,7,7,7,6,7,7,5,7,7,7,7,7,5,7,1,5,6,5,1,5,6,1,3.5714285714285716,6.875,6,4.75,7,6.571428571428571,7
eligible,pass,acceptable,7,1,8,1,f005f176,33,female,NA,1,NA,NA,NA,NA,NA,NA,NA,NA,NA,NA,6,2,7,6,6,7,3,7,7,7,6,6,6,4,6,6,2,6,2,2,3,2,2,2,5,5,5,5,2,7,2,6,6,6,2,6,6,5,6,6,4,4,2,5,5,5,5,3,5,1,5.428571428571429,6,4.7,2.125,5,4.428571428571429,5.8
eligible,pass,acceptable,7,1,8,1,a36eaf07,38,female,NA,1,NA,NA,NA,NA,NA,NA,NA,NA,NA,NA,4,6,7,5,4,4,6,6,2,2,2,3,3,4,2,2,4,4,1,2,2,3,3,3,5,7,6,7,4,7,1,4,3,6,2,7,7,7,7,7,1,2,7,1,5,3,7,1,2,6,5.428571428571429,2.5,1.9,2.75,6.25,3.857142857142857,7
ineligible,pass,low,6,1,7,1,b80658ef,24,male,NA,NA,1,NA,NA,NA,NA,NA,NA,NA,NA,NA,2,6,4,5,6,6,5,5,5,5,5,5,6,6,6,5,5,5,6,6,5,6,6,5,6,6,6,6,5,6,5,6,6,6,6,5,6,6,5,6,6,6,6,5,5,5,6,6,5,5,5.285714285714286,5.375,4.5,5.25,6,5.714285714285714,5.6
ineligible,fail,acceptable,7,1,5,1,d8166270,37,male,NA,1,NA,NA,NA,NA,NA,NA,NA,NA,NA,NA,4,5,5,4,4,3,3,5,4,3,5,2,4,4,3,4,4,4,4,3,4,4,6,3,4,5,6,6,5,5,3,3,5,3,5,4,5,5,5,4,5,6,2,5,2,4,7,6,6,3,4.142857142857143,3.625,4.6,4,5.25,4.142857142857143,4.6
eligible,pass,acceptable,7,1,8,1,f0ca1219,38,male,NA,1,NA,NA,NA,NA,NA,NA,NA,NA,NA,NA,4,6,6,4,6,7,6,5,6,7,5,5,7,4,6,6,1,6,2,1,1,1,1,1,5,3,5,7,6,7,5,7,7,5,6,6,5,5,6,7,2,4,4,5,3,5,5,4,4,4,5.714285714285714,5.75,3.8,1.25,5,6.142857142857143,5.8
eligible,pass,acceptable,7,1,10,1,56ba6eff,42,male,NA,1,NA,NA,NA,NA,NA,NA,NA,NA,NA,NA,2,1,1,1,4,4,1,1,4,4,4,1,7,4,2,4,7,1,7,7,7,7,7,7,7,7,7,7,7,7,7,1,1,7,7,7,7,7,7,7,7,7,1,7,7,7,1,7,7,1,1.8571428571428572,3.75,7,7,7,5.285714285714286,7
eligible,pass,acceptable,7,1,5,1,e1e39204,27,male,NA,1,NA,NA,NA,NA,NA,NA,NA,NA,NA,NA,5,2,3,3,6,5,2,2,6,5,5,7,6,6,5,5,4,5,2,3,5,2,3,4,5,3,5,3,4,5,3,6,5,5,5,7,5,4,6,5,1,2,7,6,1,5,1,1,2,7,3.2857142857142856,5.625,2.7,3.25,4,4.714285714285714,5.4
ineligible,pass,low,7,1,8,1,fd9d3e42,31,male,NA,1,NA,NA,NA,NA,NA,NA,NA,NA,NA,NA,2,4,4,5,4,4,5,4,5,5,5,4,4,4,4,5,5,5,5,4,5,5,5,5,5,4,4,5,5,4,5,4,5,5,4,5,5,5,5,4,5,5,4,5,4,5,4,5,5,4,4.285714285714286,4.5,4.6,4.625,4.5,4.571428571428571,4.8
eligible,pass,acceptable,7,1,5,1,ee1bc313,25,male,NA,1,NA,NA,NA,NA,NA,NA,NA,NA,NA,NA,5,5,6,5,5,6,6,5,6,6,6,6,6,6,6,6,7,5,6,4,3,6,7,3,6,6,6,6,6,6,4,5,4,6,5,6,6,6,6,6,6,6,6,6,6,6,2,6,6,2,5.428571428571429,6,5.6,4.875,6,5.142857142857143,6
eligible,pass,acceptable,7,1,10,1,3cb2db94,25,male,NA,NA,1,NA,NA,NA,NA,NA,NA,NA,NA,NA,2,5,4,3,6,6,4,2,5,6,5,6,4,5,5,5,3,5,3,3,3,3,3,5,5,4,3,5,5,6,5,6,5,5,6,5,6,5,5,7,5,6,4,4,5,5,4,5,5,4,4.285714285714286,5.125,4.7,3.25,4.25,5.428571428571429,5.6
ineligible,fail,acceptable,7,1,7,1,2f559b29,30,female,NA,1,NA,NA,NA,NA,NA,NA,NA,NA,NA,NA,4,4,1,2,6,7,7,1,6,6,7,5,7,6,7,6,5,6,5,4,5,4,3,3,4,4,4,4,5,4,5,6,2,5,4,7,6,5,6,7,4,5,7,2,3,5,3,3,2,6,4,6.25,3.2,3.875,4,4.428571428571429,6.2
eligible,pass,acceptable,6,2,13,1,0670bbf3,35,male,NA,1,NA,NA,NA,NA,NA,NA,NA,NA,NA,NA,5,2,2,2,4,5,2,2,5,6,5,5,5,5,5,5,4,5,4,4,5,4,5,5,5,5,5,4,6,6,4,5,5,5,5,6,6,5,5,5,5,5,2,5,5,5,2,5,5,2,2.7142857142857144,5.125,5.3,4.25,4.75,5.142857142857143,5.4
eligible,pass,acceptable,7,1,10,1,888a2c5e,65,female,NA,1,NA,NA,NA,NA,NA,NA,NA,NA,NA,NA,2,2,2,2,3,4,2,2,4,6,6,5,6,6,6,5,3,6,4,3,4,3,5,4,5,5,6,5,5,6,4,5,5,6,6,6,4,6,6,6,3,3,6,3,4,3,6,3,3,6,2.4285714285714284,5.5,2.8,3.5,5.25,5.285714285714286,5.6
eligible,pass,acceptable,7,1,11,1,28b44f02,36,female,NA,1,NA,NA,NA,NA,NA,NA,NA,NA,NA,NA,1,1,2,1,4,4,2,1,6,6,7,5,6,6,5,6,3,5,4,3,3,3,3,3,6,4,4,6,7,7,6,5,7,7,7,7,7,7,7,7,4,4,3,3,5,4,5,5,4,3,2.142857142857143,5.875,4.2,3.125,5,6.571428571428571,7
eligible,pass,acceptable,7,1,13,1,f2b7e0c3,55,male,NA,1,NA,NA,NA,NA,NA,NA,NA,NA,NA,NA,1,6,6,2,5,6,2,2,5,6,6,5,7,6,5,5,2,6,4,2,6,3,2,3,7,7,7,5,4,7,6,5,5,6,6,6,7,7,6,7,4,5,3,4,5,5,3,4,5,3,4.142857142857143,5.625,4.7,3,6.5,5.571428571428571,6.6
eligible,pass,acceptable,7,1,5,1,8e80ed97,25,male,NA,1,1,NA,NA,NA,NA,NA,NA,NA,NA,NA,3,5,4,6,5,6,5,4,6,6,4,4,5,4,6,5,6,4,6,4,4,5,5,4,4,5,5,5,6,6,6,5,6,7,6,6,5,7,6,4,7,4,6,7,5,5,6,4,6,5,5,5,4.5,4.75,4.75,6,5.6
eligible,pass,acceptable,7,1,8,1,8ce7d730,27,female,NA,1,NA,NA,NA,NA,NA,NA,NA,NA,NA,NA,2,7,7,5,6,6,4,5,6,6,4,5,3,5,7,5,3,6,3,3,4,5,2,4,5,4,6,6,4,7,6,6,7,7,5,7,7,6,7,6,7,7,1,7,5,7,1,4,7,1,5.714285714285714,5.125,6.5,3.25,5.25,6,6.6
eligible,pass,acceptable,7,1,13,1,7575ccaf,40,male,NA,1,NA,NA,NA,NA,NA,NA,NA,NA,NA,NA,5,7,7,7,6,7,6,5,6,5,5,2,2,2,4,1,4,3,6,6,7,5,5,6,7,7,7,6,5,5,1,2,2,4,1,3,6,6,7,4,2,1,5,1,3,2,7,1,1,7,6.428571428571429,3.375,1.6,5.5,6.75,2.857142857142857,5.2
eligible,pass,acceptable,7,1,14,1,7d12ec87,49,female,NA,1,NA,NA,NA,NA,NA,NA,NA,NA,NA,NA,2,5,5,3,6,6,5,5,6,6,6,6,6,6,6,6,4,5,5,6,5,5,5,5,6,5,6,5,6,6,6,5,4,6,6,6,6,6,6,6,5,5,3,5,5,5,3,5,5,3,5,6,5,4.75,5.5,5.571428571428571,6
eligible,pass,acceptable,7,1,9,1,e3313d06,50,male,NA,1,NA,NA,NA,NA,NA,NA,NA,NA,NA,NA,5,6,5,3,6,5,4,5,6,6,5,6,3,6,6,2,2,4,2,5,2,2,2,3,4,1,5,2,6,7,6,6,6,6,6,7,6,6,6,6,5,5,3,5,6,5,3,5,5,2,4.857142857142857,5,5.2,2.75,3,6.142857142857143,6.2
ineligible,pass,low,7,1,9,1,500c5f82,30,male,NA,1,NA,NA,NA,NA,NA,NA,NA,NA,NA,NA,6,6,6,6,6,6,6,6,6,6,6,5,6,5,6,6,5,5,5,5,5,4,6,6,5,5,5,6,6,6,6,5,5,5,4,5,6,5,6,5,5,4,3,4,4,4,3,4,4,3,6,5.75,4.4,4.875,5.25,5.285714285714286,5.4
ineligible,fail,acceptable,7,1,13,1,15a7c3c8,30,female,NA,NA,NA,NA,1,1,NA,NA,NA,NA,NA,NA,5,6,6,4,5,4,3,6,5,2,6,4,4,4,6,7,4,5,5,5,4,4,3,6,5,4,4,5,4,3,3,4,5,5,3,5,5,5,5,4,6,4,5,5,5,4,4,5,4,5,4.857142857142857,4.75,4.3,4.25,4.5,3.857142857142857,4.8
eligible,pass,acceptable,6,2,14,1,40a4859a,26,male,NA,1,NA,NA,NA,NA,NA,NA,NA,NA,NA,NA,6,3,3,3,2,3,2,2,3,2,3,2,3,1,3,3,4,2,3,5,3,4,3,3,3,3,3,3,4,4,3,4,2,4,2,4,3,2,2,2,4,2,3,3,5,3,3,4,2,3,2.5714285714285716,2.5,3.8,3.875,3,3.2857142857142856,2.6
eligible,pass,acceptable,7,1,8,1,c4431822,29,female,NA,1,NA,NA,NA,NA,NA,NA,NA,NA,NA,NA,6,3,4,3,3,5,3,4,5,6,6,6,6,6,6,5,4,4,3,4,5,5,3,3,4,3,4,5,5,6,3,5,5,6,5,5,6,5,5,5,6,5,1,6,5,6,1,4,6,1,3.5714285714285716,5.75,5.9,3.875,4,5,5.2
eligible,pass,acceptable,7,1,11,1,f0f04fc8,37,male,NA,1,NA,NA,NA,NA,NA,NA,NA,NA,NA,NA,5,3,3,5,4,5,3,5,5,5,5,4,5,4,5,5,4,2,4,3,5,5,5,4,5,5,5,5,5,7,4,6,6,6,5,7,7,7,6,6,6,6,2,7,7,6,2,7,6,2,4,4.75,6.3,4.5,5,5.571428571428571,6.6
eligible,pass,acceptable,7,1,11,1,cf46b424,35,male,NA,1,NA,NA,NA,NA,NA,NA,NA,NA,NA,NA,5,1,1,1,1,4,1,1,4,7,4,7,7,7,7,7,7,1,7,7,7,7,7,7,4,4,4,4,6,7,1,1,1,7,1,6,7,7,7,7,5,5,3,5,5,5,3,4,5,3,1.4285714285714286,6.25,4.9,7,4,3.4285714285714284,6.8
eligible,pass,acceptable,7,1,12,1,06550484,42,male,NA,1,NA,NA,NA,NA,NA,NA,NA,NA,NA,NA,5,4,5,3,4,4,3,4,5,5,5,4,5,5,4,4,6,2,6,6,6,7,6,6,5,5,4,5,5,6,4,3,2,4,3,5,5,4,5,4,5,6,4,5,5,5,3,5,5,3,3.857142857142857,4.625,5,6.125,4.75,3.857142857142857,4.6
eligible,pass,acceptable,7,1,13,1,86ada0a6,63,female,NA,1,NA,NA,NA,NA,NA,NA,NA,NA,NA,NA,2,1,1,1,3,1,1,2,3,7,7,5,7,7,6,7,3,4,4,6,4,6,4,4,7,2,7,4,5,7,7,5,5,7,7,7,6,6,6,7,7,7,1,7,7,7,1,7,7,1,1.4285714285714286,6.125,7,4.375,5,6.142857142857143,6.4
eligible,pass,acceptable,7,1,14,1,bf3d85b0,29,male,NA,NA,1,NA,NA,NA,NA,NA,NA,NA,NA,NA,1,1,1,1,4,7,4,1,7,7,7,7,4,7,7,7,1,4,1,4,4,7,1,1,7,7,7,7,7,7,7,7,7,7,7,7,7,7,7,7,4,7,1,7,4,4,1,7,7,1,2.7142857142857144,6.625,6.1,2.875,7,7,7
eligible,pass,acceptable,7,1,15,1,1795d7f8,26,male,NA,1,NA,NA,NA,NA,NA,NA,NA,NA,NA,NA,5,5,6,4,6,6,3,5,7,7,6,6,6,6,5,6,3,6,3,2,3,2,2,2,5,6,6,5,5,7,6,5,6,6,5,6,6,6,6,6,5,5,3,5,5,5,3,5,6,3,5,6.125,5.1,2.375,5.5,5.714285714285714,6
eligible,pass,acceptable,7,1,11,1,2a579232,30,male,NA,1,NA,NA,NA,NA,NA,NA,NA,NA,NA,NA,5,5,5,2,6,5,6,5,5,6,7,6,3,6,7,6,3,7,2,3,1,3,1,5,5,6,5,5,6,7,2,7,7,7,3,7,7,6,7,7,1,1,6,3,2,1,7,3,2,6,4.857142857142857,5.75,1.8,2.375,5.25,5.571428571428571,6.8
eligible,pass,acceptable,7,1,17,1,f1cc4fff,29,female,NA,1,NA,NA,NA,NA,NA,NA,NA,NA,NA,NA,5,6,5,4,5,5,5,5,5,6,5,5,4,4,6,5,6,5,6,7,7,7,7,6,6,6,7,7,7,6,4,5,5,7,5,6,6,7,6,6,3,3,5,2,3,3,5,3,3,5,5,5,2.9,6.125,6.5,5.571428571428571,6.2
ineligible,fail,acceptable,6,6,12,1,89154147,29,male,NA,1,NA,NA,NA,NA,NA,NA,NA,NA,NA,NA,5,7,7,7,7,7,7,7,7,7,7,7,7,7,7,7,7,7,5,7,5,5,6,6,6,6,7,5,7,6,6,7,5,7,6,7,6,7,7,5,7,7,6,6,7,7,5,7,6,6,7,7,5.4,5.25,6,6.285714285714286,6.4
eligible,pass,acceptable,7,1,20,1,3ed1705a,35,female,NA,1,NA,1,NA,NA,NA,NA,NA,NA,NA,NA,4,5,3,1,5,7,7,4,7,7,6,6,7,7,7,7,2,5,3,3,3,5,3,3,7,6,6,7,7,7,7,5,7,7,7,7,7,7,7,7,3,1,6,1,2,2,6,3,3,7,4.571428571428571,6.75,2,3.125,6.5,6.714285714285714,7
eligible,pass,acceptable,7,1,20,1,75d86743,30,male,NA,1,NA,NA,NA,NA,NA,NA,NA,NA,NA,NA,5,5,5,5,4,6,4,6,6,6,6,6,7,6,6,6,1,7,3,1,1,1,1,3,7,5,7,5,5,7,1,7,6,6,5,6,6,6,7,6,5,6,2,6,6,4,2,6,6,3,5,6.125,5.6,1.5,6,5.285714285714286,6.2
ineligible,fail,acceptable,7,1,23,1,971db9fa,25,female,NA,1,NA,NA,NA,NA,NA,NA,NA,NA,NA,NA,2,4,4,4,5,4,5,3,3,5,3,3,3,5,5,2,3,3,4,5,4,5,4,3,3,3,3,4,5,5,3,3,5,3,3,4,5,5,3,4,5,5,3,4,3,3,4,4,3,4,4.142857142857143,3.625,4,4.125,3.25,3.857142857142857,4.2
eligible,pass,acceptable,7,1,24,1,d0362899,32,male,NA,NA,NA,NA,NA,NA,NA,1,NA,NA,NA,NA,5,5,5,5,5,6,5,5,3,4,1,2,3,3,4,3,4,3,5,5,5,4,4,5,5,5,5,5,5,6,4,3,3,6,4,6,6,6,5,6,2,3,5,2,3,2,6,2,3,6,5.142857142857143,2.875,2.4,4.625,5,4.428571428571429,5.8
eligible,pass,acceptable,7,1,8,1,31da70ea,34,female,NA,1,NA,NA,NA,NA,NA,NA,NA,NA,NA,NA,5,7,7,6,7,5,5,6,6,5,5,6,6,6,6,6,3,5,6,3,3,7,5,3,7,7,6,7,6,7,7,7,5,7,5,7,6,6,7,7,6,5,2,5,5,6,3,7,6,3,6.142857142857143,5.75,5.6,4.125,6.75,6.285714285714286,6.6
ineligible,fail,acceptable,2,1,23,1,a812397c,31,male,NA,1,NA,NA,NA,NA,NA,NA,NA,NA,NA,NA,6,5,6,6,1,6,5,6,3,5,4,1,3,5,4,2,2,6,5,2,2,1,6,6,5,2,4,2,7,2,5,6,2,6,3,2,6,6,4,5,7,7,4,2,2,6,4,1,4,5,5,3.375,4,3.25,3.25,4.428571428571429,4.6
eligible,pass,acceptable,7,1,17,1,0dc1f3ca,28,female,NA,1,NA,NA,NA,NA,NA,NA,NA,NA,NA,NA,2,3,3,6,5,6,6,4,5,4,5,5,5,3,5,4,6,6,3,5,5,4,5,4,7,5,5,6,6,4,5,3,6,6,4,6,6,3,5,4,4,4,2,5,2,5,2,5,3,3,4.714285714285714,4.5,4.5,4.25,5.75,4.857142857142857,4.8
ineligible,fail,acceptable,7,1,15,1,5d5d9321,22,male,NA,1,NA,NA,NA,NA,NA,NA,NA,NA,NA,NA,1,3,2,7,1,1,7,7,1,2,2,7,2,2,1,2,2,2,5,2,1,6,7,7,3,7,1,2,2,2,6,2,3,3,2,6,7,2,3,2,2,7,2,1,3,1,2,3,2,7,4,2.375,3.2,4.5,3.25,2.857142857142857,4
ineligible,fail,low,7,1,8,1,1cecdce8,23,female,NA,NA,NA,NA,NA,NA,NA,1,NA,NA,NA,NA,5,5,5,6,5,7,5,6,6,5,6,5,5,7,6,6,6,6,6,6,6,5,6,6,6,5,6,7,7,7,6,5,6,6,7,6,6,5,7,5,6,4,4,6,7,5,5,5,5,6,5.571428571428571,5.75,4.7,5.375,6,6.285714285714286,5.8
ineligible,fail,acceptable,6,2,18,1,0e4b3648,27,male,NA,1,NA,NA,NA,NA,NA,NA,NA,NA,NA,NA,1,4,6,4,6,6,3,6,5,5,5,6,4,5,4,5,6,4,5,4,4,6,6,6,4,5,3,5,5,3,3,6,4,4,3,5,4,4,5,5,4,4,6,3,5,3,3,5,4,5,5,4.875,3.8,5.125,4.25,4,4.6
eligible,pass,acceptable,7,1,24,1,92350cdf,33,male,NA,NA,1,NA,NA,NA,NA,NA,NA,NA,NA,NA,5,1,1,5,4,4,5,4,4,4,4,4,5,6,6,4,5,4,4,4,4,4,5,5,4,4,4,4,4,4,5,5,4,4,4,4,4,4,4,5,6,6,2,4,4,5,2,5,6,2,3.4285714285714284,4.625,5.4,4.375,4,4.285714285714286,4.2
eligible,pass,acceptable,7,1,9,1,686d230b,33,male,NA,1,NA,NA,NA,NA,NA,NA,NA,NA,NA,NA,1,1,4,1,5,7,4,5,5,6,4,4,4,4,4,7,1,7,1,3,2,5,2,2,5,5,5,5,7,7,7,6,7,7,7,7,7,7,7,7,4,4,2,4,4,3,4,5,4,3,3.857142857142857,4.75,4.3,2.125,5,6.857142857142857,7
eligible,pass,acceptable,7,1,8,1,6f2889ca,51,male,NA,1,NA,NA,NA,NA,NA,NA,NA,NA,NA,NA,1,3,5,1,4,6,3,2,7,6,7,7,7,6,7,6,6,4,7,5,7,7,6,5,7,1,7,7,7,7,6,7,4,7,7,7,7,7,7,7,6,6,1,6,7,6,2,7,6,2,3.4285714285714284,6.625,6.3,5.875,5.5,6.428571428571429,7
eligible,pass,acceptable,7,1,26,1,dfe1c8ed,39,female,NA,1,NA,NA,NA,NA,NA,NA,NA,NA,NA,NA,5,7,7,4,5,5,3,6,6,7,7,5,6,6,4,4,1,4,2,4,5,5,6,4,7,7,7,6,5,7,1,6,7,5,1,5,7,6,7,7,2,1,6,1,3,2,7,3,2,5,5.285714285714286,5.625,2,3.875,6.75,4.571428571428571,6.4
eligible,pass,acceptable,7,1,8,1,e556a2fc,34,male,NA,NA,NA,NA,NA,NA,NA,1,NA,NA,NA,NA,5,3,4,1,4,4,5,3,4,4,3,4,2,4,3,4,5,4,3,4,4,6,3,5,5,6,5,5,5,5,4,5,5,5,5,4,5,5,5,5,2,3,6,2,3,3,5,4,2,4,3.4285714285714284,3.5,2.8,4.25,5.25,4.857142857142857,4.8
eligible,pass,acceptable,7,1,7,1,86f12745,30,male,NA,1,NA,NA,NA,NA,NA,NA,NA,NA,NA,NA,1,2,3,2,4,5,4,3,5,5,5,3,5,5,5,5,3,5,3,4,5,4,3,5,4,4,5,4,4,5,4,4,5,5,5,5,4,5,5,5,4,5,2,5,5,4,2,4,4,3,3.2857142857142856,4.75,4.8,3.75,4.25,4.571428571428571,4.8
eligible,pass,acceptable,7,1,28,1,c17a5a3f,29,male,NA,1,NA,NA,NA,NA,NA,NA,NA,NA,NA,NA,2,1,1,1,7,7,1,1,7,7,7,7,7,7,7,7,1,7,1,1,1,1,1,1,1,1,1,1,7,7,7,7,7,7,7,7,7,7,7,7,7,7,1,7,7,7,1,7,7,1,2.7142857142857144,7,7,1,1,7,7
ineligible,fail,acceptable,7,1,4,1,f0344358,26,male,NA,1,NA,NA,NA,NA,NA,NA,NA,NA,NA,NA,3,5,5,4,5,4,4,5,6,6,4,5,6,6,5,4,5,6,5,5,4,4,4,6,5,5,3,4,5,4,4,6,5,6,5,6,4,3,5,4,4,6,5,4,5,5,4,4,5,6,4.571428571428571,5.25,4.2,4.375,4.25,5,4.4
ineligible,fail,acceptable,7,1,6,1,d24a73b9,28,female,NA,1,NA,NA,NA,NA,NA,NA,NA,NA,NA,NA,6,5,6,7,7,5,5,6,6,7,6,6,7,5,5,6,5,6,5,7,5,6,6,5,6,6,4,6,6,7,6,6,6,6,5,6,6,5,6,6,6,6,6,6,5,6,5,6,5,7,5.857142857142857,6,4.6,5.125,5.5,6,5.8
eligible,pass,acceptable,7,1,8,1,e3248b46,38,female,NA,1,NA,NA,NA,NA,NA,NA,NA,NA,NA,NA,5,1,5,2,7,5,3,7,5,7,6,5,5,7,7,5,7,3,1,6,3,6,6,3,7,2,7,6,5,5,7,7,3,7,7,6,7,6,6,4,5,5,3,3,5,5,4,5,3,3,4.285714285714286,5.875,4.5,4.625,5.5,5.857142857142857,5.8
ineligible,fail,acceptable,6,7,13,1,bcffd7c2,30,male,NA,NA,NA,1,NA,NA,NA,NA,NA,NA,NA,NA,5,6,5,6,6,5,7,7,6,6,7,6,7,7,7,6,5,6,5,7,6,6,7,6,7,7,7,6,5,7,6,5,6,5,7,6,5,5,6,6,5,6,5,5,7,6,5,7,7,6,6,6.5,5.1,5.5,6.75,5.857142857142857,5.6
eligible,pass,acceptable,7,1,13,1,af943ba4,25,male,NA,NA,NA,NA,NA,NA,1,NA,NA,NA,NA,NA,5,3,3,5,6,6,6,7,6,6,6,6,7,6,6,6,2,7,5,2,2,1,1,2,6,6,5,2,5,7,3,5,7,6,6,6,7,6,7,7,6,7,3,5,6,6,2,6,6,3,5.142857142857143,6.125,5.8,2,4.75,5.571428571428571,6.6
eligible,pass,acceptable,7,1,7,1,5e765631,32,male,NA,1,NA,NA,NA,NA,NA,NA,NA,NA,NA,NA,6,5,5,5,5,4,5,4,4,3,5,4,5,3,4,6,5,5,4,4,3,4,3,4,5,5,5,4,5,5,4,5,5,5,3,4,5,3,5,4,5,4,3,5,4,5,6,4,6,5,4.714285714285714,4.25,4.3,3.75,4.75,4.571428571428571,4.2
ineligible,fail,low,5,6,21,1,481772a7,30,male,NA,NA,NA,1,NA,NA,NA,NA,NA,NA,NA,NA,6,6,5,5,6,5,5,5,5,6,6,5,5,6,6,7,7,5,6,5,6,5,6,6,6,6,6,5,5,6,6,5,7,5,6,6,5,6,5,5,6,5,5,7,6,6,5,6,7,6,5.285714285714286,5.75,5.1,5.5,5.75,5.714285714285714,5.4
ineligible,fail,low,7,7,17,1,86f22490,30,male,NA,NA,NA,1,NA,NA,NA,NA,NA,NA,NA,NA,3,7,7,6,7,6,6,7,7,7,6,7,6,6,7,7,7,7,6,6,6,7,6,7,7,7,7,7,7,6,6,7,7,7,6,6,6,7,6,7,7,7,6,7,7,6,6,6,7,7,6.571428571428571,6.625,5.2,5.75,7,6.571428571428571,6.4
eligible,pass,acceptable,7,1,22,1,81811936,27,female,NA,1,NA,NA,NA,NA,NA,NA,NA,NA,NA,NA,4,1,1,1,4,4,1,2,5,4,5,5,4,4,6,2,3,4,1,1,2,2,3,1,3,3,5,5,7,6,1,2,6,3,5,6,5,6,6,5,1,2,3,1,1,1,5,1,1,5,2,4.375,1.9,2.125,4,4.285714285714286,5.6
eligible,pass,acceptable,7,1,11,1,9ff7aead,38,male,NA,1,NA,NA,NA,NA,NA,NA,NA,NA,NA,NA,2,1,1,1,7,7,1,1,7,7,7,7,7,7,7,7,1,6,1,1,1,4,1,1,7,7,7,5,7,7,7,7,7,7,7,7,7,7,7,7,7,7,1,7,4,4,1,7,7,1,2.7142857142857144,7,6.4,1.5,6.5,7,7
ineligible,fail,acceptable,6,7,16,1,68620cc7,30,male,NA,NA,1,NA,NA,NA,NA,NA,NA,NA,NA,NA,5,6,6,7,6,7,5,6,6,5,7,7,7,5,7,6,5,7,7,5,7,7,6,5,7,7,7,5,6,5,6,7,6,5,7,6,5,6,5,7,6,6,5,7,7,6,5,7,5,7,6.142857142857143,6.25,5.1,5.375,6.5,6,5.8
ineligible,fail,low,5,6,600,1,0016b797,31,male,NA,NA,NA,NA,1,NA,NA,NA,NA,NA,NA,NA,2,5,5,5,5,6,5,5,6,5,4,6,6,5,6,5,6,6,5,6,5,5,6,6,6,6,5,5,7,6,6,5,5,6,5,6,5,7,6,5,5,5,6,5,6,5,5,5,6,6,5.142857142857143,5.375,4.4,5.125,5.5,5.714285714285714,5.8
eligible,pass,acceptable,7,1,7,1,da2e9e97,28,female,NA,1,NA,NA,NA,NA,NA,NA,NA,NA,NA,NA,2,7,6,7,5,6,7,7,2,5,3,4,2,2,3,3,3,6,2,3,3,3,3,3,4,3,3,4,4,6,5,5,5,6,6,5,6,5,5,5,2,2,6,1,3,2,6,2,3,6,6.428571428571429,3,2.1,2.75,3.5,5.285714285714286,5.2
ineligible,fail,low,5,6,13,1,2021381c,85,female,NA,1,NA,NA,NA,NA,NA,NA,NA,NA,NA,NA,6,6,5,4,4,5,5,5,6,5,4,6,4,5,5,4,5,4,5,5,5,4,5,5,5,4,6,4,6,4,4,4,5,4,5,5,4,5,4,5,4,5,6,5,6,5,4,4,5,5,4.857142857142857,4.875,4.3,4.75,4.75,4.571428571428571,4.6
eligible,pass,acceptable,7,1,36,1,e6528d7e,26,female,NA,1,NA,NA,NA,NA,NA,NA,NA,NA,NA,NA,5,4,6,2,7,3,7,7,7,7,7,7,6,7,7,7,7,7,3,7,6,7,7,6,7,1,7,7,7,7,6,3,7,7,3,7,6,7,7,7,7,7,7,1,1,7,5,7,3,7,5.142857142857143,6.875,3.8,5.5,5.5,5.714285714285714,6.8
eligible,pass,acceptable,6,2,6,1,dd5e50ac,28,male,NA,1,NA,NA,NA,NA,NA,1,NA,NA,NA,NA,5,3,3,2,4,4,5,3,5,3,4,4,5,5,5,4,3,3,3,4,5,3,4,4,5,3,6,5,5,5,5,4,4,5,6,4,5,5,5,5,4,5,4,2,4,4,4,3,3,5,3.4285714285714284,4.375,3.6,3.875,4.75,4.857142857142857,4.8
eligible,pass,acceptable,7,1,12,1,cec78265,48,female,NA,1,NA,NA,NA,NA,NA,NA,NA,NA,NA,NA,2,1,2,1,1,5,3,2,6,3,6,2,6,6,5,5,2,6,2,3,3,7,3,3,7,7,7,7,6,7,6,6,6,6,7,6,6,6,6,6,2,5,5,2,5,3,6,5,2,5,2.142857142857143,4.875,3.2,3.125,7,6.285714285714286,6
ineligible,fail,acceptable,6,7,20,1,99b26f65,30,male,NA,NA,NA,1,NA,NA,NA,NA,NA,NA,NA,NA,3,5,7,7,7,7,5,6,7,5,7,7,6,5,6,6,7,7,7,7,7,7,6,6,6,6,7,7,5,6,6,6,6,7,7,6,7,5,7,6,7,5,6,7,7,6,6,7,7,6,6.285714285714286,6.125,5.2,6,6.5,6.142857142857143,6.2
eligible,pass,acceptable,7,1,42,1,34308ea5,24,male,NA,1,NA,NA,NA,NA,NA,NA,NA,NA,NA,NA,2,3,2,1,7,7,2,2,6,6,6,6,7,7,7,7,5,3,3,6,5,4,2,6,6,6,6,5,3,7,3,2,5,7,3,7,6,6,7,3,6,6,3,7,6,6,2,5,6,2,3.4285714285714284,6.5,5.9,4.5,5.75,4.285714285714286,5.8
eligible,pass,acceptable,7,1,9,1,46833f94,33,male,NA,1,NA,NA,NA,NA,NA,NA,NA,NA,NA,NA,2,1,1,1,7,7,1,1,7,7,6,7,7,7,7,7,1,7,2,3,6,6,3,4,4,7,7,4,7,7,7,7,7,7,7,7,7,7,7,7,7,7,1,7,7,7,2,7,7,1,2.7142857142857144,6.875,6.9,3.25,5.5,7,7
eligible,pass,acceptable,7,1,7,1,99613bc0,31,female,NA,1,NA,NA,NA,NA,NA,NA,NA,NA,NA,NA,1,3,2,3,4,7,4,4,4,5,6,4,5,5,6,4,3,4,4,2,3,4,5,5,4,6,4,5,5,6,4,4,4,4,5,4,4,4,4,4,5,4,3,4,4,4,4,5,4,2,3.857142857142857,4.875,4.5,3.75,4.75,4.571428571428571,4
eligible,pass,acceptable,7,6,16,1,acce7534,52,male,NA,1,NA,NA,NA,NA,NA,1,NA,NA,NA,NA,6,3,3,2,5,3,3,2,5,5,5,5,6,5,5,5,6,3,6,3,6,6,5,5,6,5,5,5,6,6,5,6,6,6,6,6,6,6,6,6,2,2,6,2,2,2,6,2,2,6,3,5.125,2,5.25,5.25,5.857142857142857,6
ineligible,fail,low,6,7,15,1,2e180f16,30,male,NA,NA,NA,1,NA,NA,NA,NA,NA,NA,NA,NA,3,6,6,7,7,6,7,5,6,5,7,6,6,6,6,6,7,5,6,6,6,6,6,6,6,7,7,6,6,6,7,6,6,7,6,7,6,7,6,6,6,7,6,6,6,7,6,7,7,6,6.285714285714286,6,5.2,5.75,6.5,6.285714285714286,6.4
eligible,pass,acceptable,7,1,31,1,176106a6,33,female,NA,1,NA,NA,NA,NA,NA,NA,NA,NA,NA,NA,5,1,5,1,7,7,7,1,7,7,7,7,7,7,7,7,1,6,2,1,1,1,1,1,5,5,5,6,6,7,6,6,6,7,7,7,7,7,7,7,7,7,1,5,7,7,1,7,7,1,4.142857142857143,7,6.8,1.25,5.25,6.428571428571429,7
eligible,pass,acceptable,7,1,8,1,6bdd7f3b,37,male,NA,1,NA,NA,NA,NA,NA,NA,NA,NA,NA,NA,5,1,7,4,3,6,2,2,6,7,6,7,7,7,7,7,1,7,1,1,1,1,1,1,5,2,5,3,6,5,3,7,7,7,7,7,7,6,7,7,5,4,5,3,7,3,5,4,4,5,3.5714285714285716,6.75,3.9,1,3.75,6,6.8
ineligible,fail,acceptable,6,6,34,1,3c02dbd3,30,male,NA,NA,1,NA,NA,NA,NA,NA,NA,NA,NA,NA,3,7,5,6,6,6,5,6,5,7,6,6,7,7,5,5,6,5,6,6,6,6,5,7,6,6,7,7,6,7,7,7,6,5,6,5,6,6,6,5,6,6,6,6,6,7,7,7,7,6,5.857142857142857,6,5,5.625,6.5,6.285714285714286,5.6
eligible,pass,acceptable,7,1,33,1,e07aaa98,34,male,NA,1,NA,NA,NA,NA,NA,NA,NA,NA,NA,NA,5,1,1,1,7,7,1,7,6,7,7,7,7,7,7,6,3,6,7,2,2,4,1,4,6,4,5,5,6,7,7,7,5,7,7,7,7,7,7,7,7,7,1,7,7,7,1,7,7,1,3.5714285714285716,6.75,7,3.125,5,6.571428571428571,7
eligible,pass,acceptable,7,1,14,1,bd33d5e5,39,male,NA,1,NA,NA,NA,NA,NA,NA,NA,NA,NA,NA,2,2,2,1,7,7,7,7,7,7,7,7,7,7,7,7,5,2,7,6,7,7,7,7,7,7,7,7,7,7,7,7,4,7,7,7,7,7,7,7,5,5,2,5,5,5,2,5,5,2,4.714285714285714,7,5.3,6.5,7,6.571428571428571,7
eligible,pass,acceptable,7,2,11,1,e57b44d0,19,female,NA,NA,1,NA,NA,NA,NA,NA,NA,NA,NA,NA,3,4,5,5,6,6,4,6,7,7,7,6,6,6,6,7,5,3,5,6,6,6,6,6,6,6,6,5,6,4,5,4,4,6,6,6,6,5,6,6,3,3,5,3,3,3,5,4,3,5,5.142857142857143,6.5,3.1,5.625,5.75,5,5.8
ineligible,fail,low,5,6,27,1,d424bb6e,30,male,NA,NA,NA,1,NA,NA,NA,NA,NA,NA,NA,NA,5,6,6,6,7,7,6,6,7,6,7,6,6,6,7,7,7,7,6,7,5,6,7,7,6,7,6,7,6,7,6,6,6,7,6,6,6,7,5,6,5,5,6,6,5,6,5,5,6,5,6.285714285714286,6.5,4.6,5.75,6.5,6.285714285714286,6
eligible,pass,acceptable,7,1,4,1,8f9d89f7,30,male,NA,1,NA,NA,NA,NA,NA,NA,NA,NA,NA,NA,5,4,4,4,5,4,4,4,4,5,5,5,6,5,3,5,6,5,4,5,6,4,4,3,5,5,5,3,4,4,5,4,4,5,5,4,5,4,5,4,3,5,5,5,5,4,3,5,4,3,4.142857142857143,4.75,4.4,4.375,4.5,4.428571428571429,4.4
eligible,pass,acceptable,7,1,18,1,cfdd2d96,65,male,NA,1,NA,NA,NA,NA,NA,NA,NA,NA,NA,NA,5,1,2,1,4,6,2,1,6,1,6,7,7,7,7,6,6,2,7,7,7,7,7,7,4,4,6,4,7,6,4,3,4,7,6,7,7,7,7,6,5,5,3,5,6,4,2,6,6,4,2.4285714285714284,5.875,5.2,6.75,4.5,5.285714285714286,6.8
eligible,pass,acceptable,7,1,6,1,66f25549,33,female,NA,1,NA,NA,NA,NA,NA,NA,NA,NA,NA,NA,5,7,7,7,7,5,3,7,7,7,6,6,5,7,7,7,5,4,5,2,2,5,5,4,6,2,4,5,6,4,3,6,6,5,5,5,6,3,7,5,2,2,6,2,2,2,7,2,2,7,6.142857142857143,6.5,1.8,4,4.25,5,5.2
ineligible,fail,acceptable,5,4,14,1,25794446,32,male,NA,1,NA,NA,NA,NA,NA,NA,NA,NA,NA,NA,2,4,4,4,4,4,4,4,4,4,4,4,4,4,4,4,2,3,4,4,2,2,2,2,3,3,3,4,4,3,2,4,2,3,2,3,2,5,4,5,3,3,5,4,4,2,5,2,4,5,4,4,3.1,2.875,3.25,2.857142857142857,3.8
eligible,pass,acceptable,7,1,14,1,2898386b,26,female,NA,1,1,NA,NA,NA,NA,NA,NA,NA,NA,NA,2,4,4,3,6,6,4,6,7,6,6,7,7,6,6,6,4,6,6,4,3,4,3,4,5,5,7,5,7,7,7,6,6,7,7,7,7,7,7,7,4,4,4,3,3,4,5,4,4,5,4.714285714285714,6.375,3.6,3.75,5.5,6.714285714285714,7
eligible,pass,acceptable,7,1,16,1,70b903f2,35,female,NA,1,NA,NA,NA,NA,NA,NA,NA,NA,NA,NA,1,3,2,3,5,5,4,3,6,5,5,6,6,5,6,5,3,4,4,3,4,4,3,3,4,3,7,4,6,7,4,4,4,5,5,5,5,7,6,6,3,2,6,2,3,3,5,3,3,5,3.5714285714285716,5.5,2.7,3.5,4.5,5,5.8
ineligible,fail,acceptable,6,4,5,1,555d7755,43,female,NA,1,NA,NA,NA,NA,NA,NA,NA,NA,NA,NA,5,5,6,3,5,3,5,2,4,1,5,6,2,3,7,2,1,7,2,7,7,3,1,4,3,3,7,7,3,6,6,1,4,4,5,5,1,3,3,6,4,2,2,7,7,2,4,3,3,3,4.142857142857143,3.75,4.3,3.25,5,4.142857142857143,3.6
eligible,pass,acceptable,6,1,9,1,06a926dd,29,male,NA,1,NA,NA,NA,NA,NA,NA,NA,NA,NA,NA,5,4,4,5,7,7,3,5,5,7,6,3,5,5,5,4,5,4,6,5,6,6,6,4,7,7,6,7,6,7,3,7,4,7,7,7,7,7,7,7,1,4,5,4,5,3,4,3,4,1,5,5,3.8,5.25,6.75,5.857142857142857,7
eligible,pass,acceptable,7,1,14,1,ce049ebc,31,male,NA,1,NA,NA,NA,NA,NA,NA,NA,NA,NA,NA,2,2,2,2,5,4,2,2,6,6,6,6,7,5,6,5,2,5,3,2,2,2,2,4,4,4,3,5,2,6,3,6,5,6,6,6,6,5,6,6,5,6,1,5,6,6,2,5,6,2,2.7142857142857144,5.875,5.8,2.5,4,4.857142857142857,5.8
eligible,pass,acceptable,7,1,6,1,a5be8a4c,30,male,NA,1,NA,NA,NA,NA,NA,NA,NA,NA,NA,NA,5,2,1,6,2,7,7,1,6,6,6,6,5,6,1,6,4,7,5,2,5,4,6,5,5,6,6,5,6,3,4,5,5,5,5,6,5,5,6,6,6,7,1,7,7,6,1,7,7,1,3.7142857142857144,5.25,6.8,4,5.5,4.714285714285714,5.6
eligible,pass,acceptable,7,1,25,1,0c39d5f2,29,male,NA,1,NA,NA,NA,NA,NA,NA,NA,NA,NA,NA,5,1,1,1,4,4,1,1,6,6,4,6,7,6,6,5,2,6,2,3,2,2,3,3,5,4,3,3,5,7,5,6,6,6,6,7,5,6,6,6,2,4,4,2,7,2,4,6,2,6,1.8571428571428572,5.75,3.5,2.375,3.75,5.857142857142857,6
eligible,pass,acceptable,7,1,11,1,87d52421,32,male,NA,1,NA,NA,NA,NA,NA,NA,NA,NA,NA,NA,5,7,7,5,6,6,3,5,6,7,4,6,5,6,6,5,1,6,3,2,3,3,2,1,5,5,5,5,7,7,5,7,7,7,6,7,7,7,7,7,4,4,5,4,6,4,4,5,4,3,5.571428571428571,5.625,4.3,2.125,5,6.571428571428571,7
ineligible,fail,acceptable,7,1,11,1,3adcf542,51,male,NA,1,NA,NA,NA,NA,NA,NA,NA,NA,NA,NA,5,1,4,4,4,4,4,4,4,4,4,4,4,4,4,4,5,6,5,4,7,5,5,6,7,6,7,5,5,5,7,6,4,7,4,6,6,4,6,6,7,4,4,5,6,4,2,5,4,2,3.5714285714285716,4,5.1,4.875,6.25,5.428571428571429,5.6
eligible,pass,acceptable,7,1,14,1,bf797261,30,male,NA,1,NA,NA,NA,NA,NA,NA,NA,NA,NA,NA,4,2,2,2,2,5,5,2,6,6,6,4,6,6,6,5,2,6,3,2,3,2,2,2,6,6,6,5,5,6,4,6,6,5,6,5,6,6,6,6,4,3,5,2,4,4,5,2,3,6,2.857142857142857,5.625,3,2.25,5.75,5.428571428571429,5.8
eligible,pass,acceptable,7,1,9,1,80633027,29,male,NA,1,NA,NA,NA,NA,NA,NA,NA,NA,NA,NA,4,5,6,2,5,6,2,6,6,7,6,6,7,6,5,5,4,4,4,4,6,6,4,5,5,5,4,5,6,5,4,4,4,5,5,6,5,5,5,6,5,5,3,5,6,5,2,5,5,2,4.571428571428571,6,5.3,4.625,4.75,4.714285714285714,5.4
eligible,pass,acceptable,7,1,28,1,d9f3b36a,39,female,NA,NA,1,NA,NA,NA,NA,NA,NA,NA,NA,NA,5,7,7,5,6,6,6,7,4,4,7,6,6,7,6,7,4,4,3,3,4,4,4,4,4,3,6,6,4,6,5,4,3,5,4,5,5,6,6,7,3,1,5,1,3,3,5,2,2,6,6.285714285714286,5.875,2.3,3.75,4.75,4.428571428571429,5.8
ineligible,fail,acceptable,7,1,7,1,36975be1,24,female,NA,1,NA,NA,NA,NA,NA,NA,NA,NA,NA,NA,2,4,2,2,3,4,3,4,5,4,5,7,5,6,6,5,5,4,3,2,5,4,3,4,4,1,2,4,5,6,6,4,3,6,3,6,5,6,7,7,5,6,3,6,6,5,2,5,5,3,3.142857142857143,5.375,5.4,3.75,2.75,4.714285714285714,6.2
eligible,pass,acceptable,7,1,7,1,33dee0c6,27,male,NA,NA,1,NA,NA,NA,NA,NA,NA,NA,NA,NA,5,1,1,1,2,7,1,1,4,7,7,7,7,7,7,7,3,3,4,3,6,3,3,3,3,1,1,7,7,7,4,6,2,7,7,6,7,6,7,7,1,4,7,1,1,1,7,2,1,7,2,6.625,1.4,3.75,3,5.714285714285714,6.6
ineligible,fail,acceptable,6,6,6,1,ff5f167a,23,female,NA,1,NA,NA,NA,NA,NA,NA,NA,NA,NA,NA,5,6,5,7,6,5,5,5,5,6,6,6,6,5,5,6,6,6,5,5,7,4,6,6,5,6,7,6,5,6,6,5,6,7,6,7,6,6,5,6,6,5,4,7,7,6,6,6,7,6,5.571428571428571,5.625,5.2,5.125,6,5.857142857142857,6
eligible,pass,acceptable,7,2,13,1,462656f9,45,male,NA,1,NA,NA,NA,NA,NA,NA,NA,NA,NA,NA,6,4,6,6,4,5,6,5,4,6,6,4,4,5,5,4,3,5,5,4,3,3,3,3,5,6,6,6,5,6,2,5,5,6,4,6,6,5,6,5,2,3,6,3,4,2,6,4,2,5,5.142857142857143,4.75,2.7,3.375,5.75,4.714285714285714,5.6
ineligible,fail,acceptable,7,1,25,1,4fea4eea,29,male,NA,1,NA,NA,NA,NA,NA,NA,NA,NA,NA,NA,6,3,5,4,5,6,5,5,4,4,3,6,5,5,5,5,3,4,3,6,5,4,5,5,4,3,5,5,3,5,3,4,4,4,5,4,5,5,4,3,4,4,4,5,5,3,3,4,6,3,4.714285714285714,4.625,4.5,4.375,4.25,4,4.2
eligible,pass,acceptable,7,1,14,1,748caabc,39,male,NA,1,NA,NA,NA,NA,NA,NA,NA,NA,NA,NA,2,3,1,2,5,6,2,1,6,6,6,3,6,6,6,4,4,5,6,4,3,4,4,4,5,4,4,5,5,6,6,6,5,5,5,6,5,6,6,6,5,5,3,5,5,5,3,5,5,3,2.857142857142857,5.375,5,4,4.5,5.428571428571429,5.8
eligible,pass,acceptable,7,5,21,1,6388ead8,30,male,NA,1,NA,NA,NA,NA,NA,NA,NA,NA,NA,NA,6,6,7,5,6,5,4,5,5,6,5,4,6,6,7,5,6,6,7,5,5,6,7,6,5,4,5,5,5,6,5,6,5,6,7,5,4,6,6,6,5,7,7,6,6,6,5,7,6,5,5.428571428571429,5.5,5,5.5,4.75,5.714285714285714,5.4
eligible,pass,acceptable,7,1,32,1,22a88909,34,female,NA,1,NA,NA,NA,NA,NA,NA,NA,NA,NA,NA,2,6,2,2,6,6,4,6,6,5,6,6,4,6,6,6,3,3,6,4,3,3,4,4,6,5,6,5,6,7,2,4,6,7,5,7,7,7,7,7,5,6,2,6,6,6,2,6,6,2,4.571428571428571,5.625,5.9,4,5.5,5.285714285714286,7
ineligible,fail,acceptable,5,7,16,1,b21c2dd1,30,male,NA,NA,1,NA,NA,NA,NA,NA,NA,NA,NA,NA,5,7,7,6,6,6,5,6,7,6,5,7,5,7,5,7,7,7,5,7,6,7,6,6,7,6,6,7,7,5,7,6,6,5,7,5,7,5,6,5,7,6,7,7,5,6,7,6,5,6,6.142857142857143,6.125,4.6,5.625,6.5,6.142857142857143,5.6
eligible,pass,acceptable,7,1,16,1,cc93f39b,25,male,NA,1,NA,NA,NA,NA,NA,NA,NA,NA,NA,NA,5,5,5,3,5,7,7,5,7,7,7,7,7,7,7,7,3,7,5,3,3,2,1,3,7,7,7,7,6,7,7,7,6,7,7,7,7,7,7,7,7,7,1,6,7,7,2,7,6,2,5.285714285714286,7,6.6,2.625,7,6.714285714285714,7
ineligible,pass,low,6,1,8,1,76d429eb,31,female,NA,1,NA,NA,NA,NA,NA,NA,NA,NA,NA,NA,6,4,4,4,4,4,4,4,4,4,4,4,4,4,4,4,4,4,4,4,4,4,4,4,4,4,4,4,4,4,4,4,4,4,4,4,4,4,4,4,4,4,4,4,4,4,4,4,4,4,4,4,4,4,4,4,4
eligible,pass,acceptable,6,1,18,1,92ff56bb,31,female,NA,NA,1,NA,NA,NA,NA,NA,NA,NA,NA,NA,1,5,5,3,3,5,3,4,5,6,5,5,5,5,6,5,3,5,2,2,3,2,3,3,6,2,5,5,3,6,2,6,5,6,6,5,6,6,5,6,2,2,6,2,2,2,6,2,2,6,4,5.25,2,2.625,4.5,4.857142857142857,5.6
ineligible,fail,low,5,6,19,1,ac871353,29,male,NA,NA,1,NA,NA,NA,NA,NA,NA,NA,NA,NA,5,6,6,6,6,5,5,6,5,6,5,6,6,6,5,6,6,6,5,6,6,5,5,6,6,6,6,4,6,6,5,6,6,5,5,5,5,6,5,5,5,5,6,5,6,5,6,5,6,5,5.714285714285714,5.625,4.4,5.125,5.5,5.571428571428571,5.2
ineligible,fail,acceptable,7,1,12,1,71274fa7,23,male,NA,1,NA,NA,NA,NA,NA,NA,NA,NA,NA,NA,2,5,6,5,6,4,1,5,6,5,6,4,4,5,6,5,6,5,7,6,5,7,6,6,6,2,7,7,6,7,7,6,7,6,6,7,5,7,4,7,6,7,6,7,5,6,4,6,6,6,4.571428571428571,5.125,5.1,5.75,5.5,6.428571428571429,6
eligible,pass,acceptable,6,1,6,1,7819bfb6,24,male,NA,NA,1,NA,NA,NA,NA,NA,NA,NA,NA,NA,5,1,1,1,3,5,1,1,4,6,6,5,6,5,5,4,3,4,6,5,5,5,5,3,3,4,5,5,5,6,3,4,3,4,6,4,5,6,4,4,5,5,2,5,6,5,2,3,5,2,1.8571428571428572,5.125,5.2,4.5,4.25,4.428571428571429,4.6
eligible,pass,acceptable,7,1,11,1,3118dfd0,24,female,NA,1,NA,NA,NA,NA,NA,NA,NA,NA,NA,NA,5,4,4,5,3,4,3,4,6,6,6,6,5,5,6,5,4,3,5,4,4,4,5,4,6,5,4,5,4,6,3,4,4,6,3,5,5,6,6,6,4,3,2,3,5,4,4,4,4,3,3.857142857142857,5.625,4.2,4.375,5,4.285714285714286,5.6
ineligible,pass,low,6,7,27,1,db61fb56,30,male,NA,1,NA,NA,NA,NA,NA,NA,NA,NA,NA,NA,5,5,5,6,5,5,5,5,6,6,5,6,5,6,6,6,7,6,6,7,5,6,6,6,6,7,6,6,6,7,7,6,7,7,6,7,6,7,6,6,6,6,6,7,7,7,6,6,6,7,5.142857142857143,5.75,5,5.625,6.25,6.571428571428571,6.4
ineligible,pass,low,6,5,25,1,2f85455c,30,male,NA,1,NA,NA,NA,NA,NA,NA,NA,NA,NA,NA,5,5,5,6,6,6,6,5,6,6,5,5,6,6,6,6,6,5,6,6,5,6,6,6,6,5,6,5,5,6,6,5,5,7,6,6,5,6,5,6,6,5,5,6,5,6,5,6,6,6,5.571428571428571,5.75,4.8,5.5,5.5,5.714285714285714,5.6
eligible,pass,acceptable,7,1,8,1,bc5f0eec,57,female,NA,1,NA,NA,NA,NA,NA,NA,NA,NA,NA,NA,4,2,2,2,3,4,3,3,6,6,6,3,6,6,6,6,5,4,4,5,5,5,5,6,6,4,6,6,6,6,5,5,4,6,6,6,6,6,6,6,3,2,5,2,2,3,6,4,2,6,2.7142857142857144,5.625,2.5,4.875,5.5,5.428571428571429,6
eligible,pass,acceptable,7,1,11,1,d58e5013,42,female,NA,1,NA,NA,NA,NA,NA,NA,NA,NA,NA,NA,5,2,2,2,4,4,3,2,5,5,3,3,3,4,5,3,6,2,5,6,5,6,6,6,6,5,5,6,6,5,5,2,2,6,5,6,6,6,5,6,4,4,4,4,4,4,4,4,4,4,2.7142857142857144,3.875,4,5.75,5.5,4.428571428571429,5.8
ineligible,fail,acceptable,7,1,24,1,b46187ed,42,female,NA,1,NA,NA,NA,NA,NA,NA,NA,NA,NA,NA,4,3,3,5,6,5,5,5,5,5,6,5,5,6,5,6,5,6,5,6,6,5,5,6,5,5,6,6,5,6,3,5,5,5,5,6,6,5,6,5,5,4,4,2,5,6,5,6,4,5,4.571428571428571,5.375,4.2,5,5.5,4.857142857142857,5.6
eligible,pass,acceptable,6,2,22,1,054cd48f,29,female,NA,1,NA,NA,NA,NA,NA,NA,NA,NA,NA,NA,5,5,2,6,5,6,5,6,6,4,5,6,5,7,5,3,5,5,6,7,5,6,6,5,5,4,5,2,6,6,5,6,5,6,5,6,6,5,5,5,5,7,4,6,5,5,3,6,6,2,5,5.125,5.5,5.375,4,5.571428571428571,5.4
eligible,pass,acceptable,7,1,7,1,81658536,30,female,NA,1,NA,NA,NA,NA,NA,NA,NA,NA,NA,NA,5,6,6,6,3,6,2,6,6,6,6,5,6,5,6,5,6,4,6,4,4,2,6,5,5,6,5,7,6,7,6,4,5,7,7,7,7,6,7,7,5,6,2,4,6,5,2,5,5,2,5,5.625,5.4,4.625,5.75,6,6.8
eligible,pass,acceptable,7,1,9,1,c9d0d5e2,29,male,NA,1,NA,NA,NA,NA,NA,NA,NA,NA,NA,NA,4,3,3,3,5,6,3,5,6,6,5,5,5,5,6,5,3,6,3,2,3,3,3,3,5,4,4,3,5,5,4,6,6,5,6,5,6,6,6,6,6,6,3,6,5,6,3,6,5,3,4,5.375,5.5,2.75,4,5.285714285714286,5.8
eligible,pass,acceptable,7,1,10,1,74da3b53,43,male,NA,1,NA,NA,NA,NA,NA,NA,NA,NA,NA,NA,5,3,3,3,5,5,3,3,5,5,5,5,5,5,5,5,3,5,3,3,4,3,3,3,3,3,3,3,4,5,5,6,5,5,5,6,6,5,5,6,3,3,5,3,3,3,5,3,3,5,3.5714285714285716,5,3,3.125,3,5,5.6
eligible,pass,acceptable,7,1,8,1,d4ebd8fc,45,male,NA,1,NA,NA,NA,NA,NA,NA,NA,NA,NA,NA,2,2,2,2,6,5,2,2,7,6,7,6,7,5,7,7,6,3,6,6,6,6,6,6,6,7,7,7,7,7,1,5,2,7,2,4,4,6,7,7,6,6,3,5,6,6,3,5,6,1,3,6.5,5.7,5.875,6.75,4.428571428571429,5.6
ineligible,fail,acceptable,4,3,17,1,267acf45,28,male,NA,1,NA,NA,NA,NA,NA,NA,NA,NA,NA,NA,2,4,2,NA,NA,4,5,4,5,4,NA,3,4,4,6,NA,4,4,3,4,5,5,5,4,6,5,4,5,3,5,6,4,3,5,6,6,5,3,5,4,6,5,5,5,3,4,4,5,5,3,3.8,4.333333333333333,4.5,4.25,5,4.571428571428571,4.6
ineligible,fail,low,6,5,9,1,303c6ab5,29,female,NA,NA,NA,NA,NA,NA,NA,NA,NA,NA,1,BLACK,5,6,6,6,6,5,5,5,6,6,5,6,5,5,5,5,6,4,5,6,6,4,6,5,5,6,5,5,6,5,6,5,5,5,6,6,5,6,5,5,6,6,5,5,6,5,6,5,5,5,5.571428571428571,5.375,4.6,5.25,5.25,5.428571428571429,5.4
eligible,pass,acceptable,7,1,19,1,8f1d198c,27,female,NA,1,NA,NA,NA,NA,NA,NA,NA,NA,NA,NA,5,6,2,3,5,5,2,2,5,5,6,6,6,6,6,5,3,4,3,3,3,5,5,2,5,2,3,2,6,6,3,6,5,5,3,4,6,4,4,5,6,3,4,4,5,6,3,3,6,6,3.5714285714285716,5.625,4.4,3.5,3,4.857142857142857,4.6
ineligible,fail,low,5,3,14,1,9fcd9a49,24,male,NA,NA,NA,NA,NA,NA,NA,1,NA,NA,NA,NA,5,4,3,4,4,4,3,4,4,3,4,3,4,4,4,4,4,4,4,4,3,4,3,3,3,4,3,3,4,4,4,4,4,3,4,5,3,4,3,3,4,3,4,3,4,4,5,3,4,5,3.7142857142857144,3.75,3.5,3.625,3.25,3.857142857142857,3.6
eligible,pass,acceptable,6,2,10,1,819db75c,37,male,NA,1,NA,NA,NA,NA,NA,NA,NA,NA,NA,NA,4,2,2,2,4,6,2,2,6,NA,6,5,6,6,6,6,2,6,2,2,2,2,2,5,5,5,6,5,6,6,3,5,6,6,2,6,6,6,6,6,6,5,2,5,6,6,3,5,6,2,2.857142857142857,5.857142857142857,5.6,2.375,5.25,4.857142857142857,6
eligible,pass,acceptable,7,1,9,1,c6544e2d,31,male,NA,NA,1,NA,NA,NA,NA,NA,NA,NA,NA,NA,5,1,1,1,4,6,1,1,7,7,7,6,7,7,7,7,1,5,2,1,2,2,2,2,4,5,4,5,6,7,6,7,7,7,7,6,6,6,7,7,6,6,1,6,6,6,1,6,6,1,2.142857142857143,6.875,6.3,1.875,4.5,6.714285714285714,6.4
eligible,pass,acceptable,7,1,70,1,4ba299e0,32,male,NA,NA,1,NA,NA,NA,NA,NA,NA,NA,NA,NA,5,1,1,1,7,7,7,7,7,7,7,7,7,7,7,7,7,7,1,1,1,1,1,7,1,1,1,1,7,7,1,7,7,7,7,7,7,7,7,1,1,1,7,1,1,1,7,1,1,7,4.428571428571429,7,1,2.5,1,6.142857142857143,5.8
eligible,pass,acceptable,7,1,18,1,770aa710,53,female,NA,1,NA,NA,NA,NA,NA,NA,NA,NA,NA,NA,2,1,1,1,4,5,1,1,5,7,7,7,7,7,7,4,2,1,3,4,6,3,2,4,4,3,4,4,7,7,4,3,4,7,7,7,7,7,7,7,5,4,1,5,5,5,1,7,7,1,2,6.375,5.9,3.875,3.75,5.571428571428571,7
ineligible,fail,acceptable,4,2,18,1,8f4de323,37,female,NA,1,NA,NA,NA,NA,NA,NA,NA,NA,NA,NA,2,5,4,1,4,4,2,5,4,5,5,3,5,5,5,4,4,5,5,5,5,6,6,5,5,6,5,5,5,4,5,5,5,5,6,5,5,5,5,5,5,5,2,5,6,5,2,5,5,2,3.5714285714285716,4.5,5.4,4.875,5.25,5,5
ineligible,fail,low,4,5,70,1,416f8869,30,male,NA,1,NA,NA,NA,NA,NA,NA,NA,NA,NA,NA,5,5,5,5,5,5,5,5,5,4,5,5,4,4,4,4,4,5,5,4,4,5,5,5,4,4,5,4,5,4,4,4,5,5,5,5,4,5,5,5,5,5,4,4,5,5,5,5,4,5,5,4.375,4.3,4.375,4.25,4.571428571428571,4.8
eligible,pass,acceptable,7,1,14,1,0130267f,30,female,NA,NA,1,NA,NA,NA,NA,NA,NA,NA,NA,NA,2,5,6,6,5,5,6,6,5,6,6,5,5,5,6,5,6,3,6,3,6,6,6,6,6,4,6,4,6,6,6,5,6,6,5,6,6,5,6,6,5,5,3,6,5,6,1,5,6,4,5.571428571428571,5.375,5.4,5.5,5,5.714285714285714,5.8
eligible,pass,acceptable,7,1,14,1,f1067534,49,male,NA,1,NA,NA,NA,NA,NA,NA,NA,NA,NA,NA,2,5,1,3,2,7,3,4,7,6,7,5,4,7,5,6,7,7,3,4,7,7,7,5,7,5,3,7,4,7,4,7,7,7,3,1,7,7,5,6,5,4,2,6,7,4,2,6,6,5,3.5714285714285716,5.875,5.3,5.125,5.5,5.571428571428571,5.2
eligible,pass,acceptable,7,1,17,1,03c06250,26,female,NA,1,NA,NA,NA,NA,NA,NA,NA,1,NA,NA,5,3,6,3,4,6,3,3,5,7,6,3,7,6,7,7,2,7,3,2,4,1,4,2,6,5,6,6,6,7,6,6,6,5,7,3,6,7,6,6,5,5,3,3,4,4,5,4,4,7,4,6,3.8,2.375,5.75,6.142857142857143,5.6
eligible,pass,acceptable,7,1,7,1,93d4432f,28,female,NA,1,NA,NA,NA,NA,NA,NA,NA,NA,NA,NA,5,6,5,6,6,4,6,6,5,6,5,5,4,6,5,6,4,5,5,6,5,4,6,6,4,6,4,5,4,4,6,5,5,5,5,5,6,6,6,6,5,6,6,5,6,5,4,4,6,4,5.571428571428571,5.25,4.7,4.875,4.75,4.857142857142857,5.8
eligible,pass,acceptable,7,1,10,1,f9d3dcb5,30,male,NA,NA,NA,NA,NA,NA,NA,1,NA,NA,NA,NA,5,3,3,6,4,7,5,3,5,6,7,4,7,6,6,5,3,6,2,2,2,2,2,1,4,5,5,2,4,6,2,6,4,5,5,4,5,5,4,5,4,6,3,3,5,3,5,4,4,4,4.428571428571429,5.75,4.1,2,4,4.571428571428571,4.6
ineligible,fail,acceptable,4,5,12,1,69df707a,31,male,NA,NA,1,NA,NA,NA,NA,NA,NA,NA,NA,NA,5,5,4,6,6,3,5,5,3,6,4,5,6,5,5,3,4,5,4,6,5,3,6,6,4,5,5,4,5,5,5,6,5,3,5,5,4,4,4,5,4,4,4,5,5,4,4,5,4,6,4.857142857142857,4.625,4.1,4.625,4.5,4.857142857142857,4.4
ineligible,fail,acceptable,7,1,8,1,4d133e8f,28,male,NA,1,NA,NA,NA,NA,NA,NA,NA,NA,NA,NA,1,3,3,4,4,4,4,5,5,4,5,4,4,4,4,4,4,5,3,4,3,3,6,4,7,5,5,7,5,4,4,5,5,5,4,6,4,4,4,5,3,4,4,4,5,4,3,4,4,3,3.857142857142857,4.25,4.2,3.75,6,4.571428571428571,4.6
eligible,pass,acceptable,7,1,5,1,7aa1f2a6,27,female,NA,NA,NA,NA,1,NA,NA,NA,NA,NA,NA,NA,5,7,1,1,7,7,7,7,7,7,7,7,7,7,7,7,7,1,7,1,6,6,7,7,7,7,7,7,7,7,7,7,7,7,7,7,7,7,7,7,7,7,1,4,7,4,1,7,7,1,5.285714285714286,7,6.4,6,7,7,7
eligible,pass,acceptable,7,1,9,1,d6861215,26,female,NA,1,NA,NA,NA,NA,NA,NA,NA,NA,NA,NA,5,6,2,2,5,3,2,3,2,5,2,2,5,3,4,2,7,1,7,7,7,7,7,7,6,6,7,7,5,5,2,1,4,5,6,5,7,5,4,5,2,3,6,2,2,2,7,2,2,6,3.2857142857142856,3.125,2,7,6.5,4,5.2
eligible,pass,acceptable,7,1,6,1,22f0a6af,25,male,NA,1,NA,NA,NA,NA,NA,NA,NA,NA,NA,NA,5,3,1,2,6,5,3,1,6,6,6,6,6,6,7,5,5,5,7,7,7,6,4,6,7,7,7,7,5,6,2,2,6,4,6,4,5,5,6,5,3,5,6,3,2,3,5,3,2,6,3,6,2.8,5.625,7,4.428571428571429,5
eligible,pass,acceptable,7,1,23,1,b684cc0f,39,female,NA,NA,NA,NA,NA,NA,1,NA,NA,NA,NA,NA,5,3,1,4,1,6,3,5,5,6,5,5,4,5,5,5,3,5,4,2,4,5,3,3,7,5,5,6,5,7,2,6,5,7,4,7,5,7,6,5,4,5,5,3,5,6,4,4,6,3,3.2857142857142856,5,4.5,3.375,5.75,5.142857142857143,6
eligible,pass,acceptable,7,1,5,1,c7722aa4,25,female,NA,1,NA,NA,NA,NA,NA,NA,NA,NA,NA,NA,3,6,5,5,4,6,3,5,5,5,5,5,5,6,5,6,3,5,6,5,4,5,6,6,5,6,3,5,5,5,4,4,5,5,4,5,5,5,6,5,5,4,5,6,4,6,4,3,3,5,4.857142857142857,5.25,4.1,4.75,4.75,4.571428571428571,5.2
eligible,pass,acceptable,7,1,7,1,f2a6fff9,24,male,NA,1,NA,NA,NA,NA,NA,NA,NA,NA,NA,NA,5,3,4,5,3,6,3,5,6,5,6,5,6,6,6,4,5,6,6,3,5,3,6,4,5,6,6,5,5,7,6,5,4,6,6,6,6,6,5,6,3,4,6,3,3,3,7,4,4,6,4.142857142857143,5.5,2.9,4.25,5.5,5.571428571428571,5.8
ineligible,fail,acceptable,7,1,38,1,090a58fa,52,male,NA,1,NA,NA,NA,NA,NA,NA,NA,NA,NA,NA,5,3,3,5,1,3,5,5,4,4,5,1,1,4,3,4,2,5,2,2,6,2,3,2,7,5,5,6,5,6,6,2,3,3,6,6,6,6,5,6,2,2,6,6,5,2,7,6,2,6,3.5714285714285716,3.25,3,2.75,5.75,4.428571428571429,5.8
eligible,pass,acceptable,7,1,10,1,ba7c0de2,35,male,NA,1,NA,1,NA,NA,NA,NA,1,NA,NA,NA,6,3,2,2,4,5,4,2,6,6,4,4,6,6,6,5,4,6,1,3,2,5,2,2,5,5,5,5,6,5,4,5,6,6,3,5,5,5,5,5,4,3,5,5,4,4,5,5,4,3,3.142857142857143,5.375,4,2.625,5,5,5
eligible,pass,acceptable,7,1,12,1,bdf7a504,28,male,NA,NA,1,NA,NA,NA,NA,NA,NA,NA,NA,NA,2,5,5,4,7,7,1,4,7,7,7,7,7,7,7,7,4,4,4,4,4,4,7,4,4,4,4,4,4,7,4,4,7,7,4,7,7,7,7,7,4,4,1,4,4,4,1,4,4,1,4.714285714285714,7,4.9,4.375,4,5.285714285714286,7
eligible,pass,acceptable,7,2,14,1,9e79efb4,32,female,NA,1,NA,NA,NA,NA,NA,NA,NA,NA,NA,NA,1,3,3,4,5,5,3,5,5,6,5,6,5,5,6,4,4,3,5,4,5,4,5,4,5,5,5,5,5,5,5,4,4,5,6,5,5,5,5,5,5,4,3,4,5,4,3,5,4,3,4,5.25,4.6,4.5,5,4.857142857142857,5
eligible,pass,acceptable,7,1,23,1,cedd727b,28,female,NA,1,NA,NA,NA,NA,NA,NA,NA,NA,NA,NA,1,6,5,4,3,6,4,3,5,5,5,4,4,5,6,5,2,5,2,3,2,3,3,3,4,2,4,3,5,6,2,6,6,4,5,6,5,5,5,5,7,7,2,7,6,7,1,6,5,1,4.428571428571429,4.875,6.5,2.625,3.25,4.857142857142857,5.2
eligible,pass,acceptable,6,1,45,1,0c5e237a,28,male,NA,NA,NA,NA,NA,NA,NA,1,NA,NA,NA,NA,5,3,4,3,4,4,4,3,3,6,5,4,6,6,4,4,2,4,2,3,4,4,4,4,6,5,6,6,7,7,7,6,6,6,6,7,7,6,6,7,3,3,3,3,4,4,4,4,3,4,3.5714285714285716,4.75,3.7,3.375,5.75,6.428571428571429,6.6
eligible,pass,acceptable,7,1,13,1,6ad52f53,32,male,NA,NA,1,NA,NA,NA,NA,NA,NA,NA,NA,NA,5,5,6,5,4,4,3,6,5,2,6,5,4,4,4,4,6,2,6,3,6,6,6,2,4,4,6,5,6,6,3,6,4,6,6,6,6,6,6,6,3,3,4,3,6,3,4,3,3,5,4.714285714285714,4.25,3.5,5.125,4.75,5.285714285714286,6
eligible,pass,acceptable,7,1,10,1,3f265823,34,female,NA,NA,1,NA,NA,NA,NA,NA,NA,NA,NA,NA,4,1,1,2,4,6,3,6,7,6,6,5,7,6,7,7,6,5,4,3,5,5,5,4,4,3,4,4,6,6,4,5,6,4,6,5,6,6,6,5,5,6,5,5,5,5,3,5,5,2,3.2857142857142856,6.375,5,4.375,3.75,5.285714285714286,5.6
ineligible,fail,low,7,1,18,1,012e07ba,34,female,NA,1,NA,NA,NA,NA,NA,NA,NA,NA,NA,NA,4,4,4,4,4,4,5,4,4,4,4,4,4,4,4,3,5,3,4,4,4,4,4,4,4,4,4,4,4,4,5,4,4,4,4,4,3,3,3,4,4,4,4,4,4,4,4,4,4,4,4.142857142857143,3.875,4,4.25,4,4.142857142857143,3.4
eligible,pass,acceptable,7,1,6,1,3a83c6f3,36,female,NA,1,NA,NA,NA,NA,NA,NA,NA,NA,NA,NA,5,3,2,2,6,5,3,3,5,7,7,7,5,6,7,7,5,3,3,2,7,6,5,5,5,5,4,5,7,6,7,5,5,6,7,7,6,7,7,7,7,7,1,7,7,7,1,3,7,1,3.4285714285714284,6.375,6.6,4.75,4.75,6.142857142857143,6.8
eligible,pass,acceptable,7,1,6,1,014284f2,30,female,NA,1,NA,NA,NA,NA,NA,NA,NA,NA,NA,NA,4,2,1,2,4,5,2,2,5,6,5,5,6,5,5,5,1,7,2,1,1,1,1,2,2,2,2,2,4,5,6,7,6,6,5,4,4,4,3,6,3,3,2,2,4,4,5,4,4,5,2.5714285714285716,5.25,3.6,1.25,2,5.571428571428571,4.2
eligible,pass,acceptable,7,1,4,1,4762d167,25,female,NA,1,NA,NA,NA,NA,NA,NA,NA,NA,NA,NA,3,5,5,3,5,3,5,5,3,5,5,6,3,3,4,6,6,3,4,3,5,5,5,3,5,5,5,4,3,5,6,3,3,5,5,5,3,5,3,5,5,6,5,3,3,5,3,5,6,6,4.428571428571429,4.375,4.3,4.5,4.75,4.285714285714286,4.2
ineligible,fail,acceptable,4,5,20,1,e7542e9d,32,male,NA,1,NA,NA,NA,NA,NA,NA,NA,NA,NA,NA,5,3,3,5,5,3,4,4,5,4,4,4,4,5,5,3,4,5,5,4,3,5,4,4,3,4,4,2,4,5,3,3,3,5,3,4,5,3,5,3,3,5,4,4,3,5,4,4,3,4,3.857142857142857,4.25,3.9,4,3.25,3.7142857142857144,4
eligible,pass,acceptable,7,1,8,1,ee88b3df,22,male,NA,1,NA,NA,NA,NA,NA,NA,NA,NA,NA,NA,2,2,3,2,5,7,1,1,7,6,6,7,7,7,7,7,2,6,1,2,5,1,3,4,6,5,5,5,5,7,7,7,6,7,7,6,6,6,6,6,5,5,1,5,5,5,1,5,5,2,3,6.75,5.5,2.5,5.25,6.571428571428571,6
ineligible,fail,acceptable,6,1,51,1,d21d41ad,39,male,NA,1,NA,NA,NA,NA,NA,NA,NA,NA,NA,NA,2,2,4,5,5,5,5,3,4,4,5,5,6,6,6,4,5,4,2,4,3,6,6,3,6,3,6,5,6,6,5,6,6,6,6,6,4,6,6,5,6,5,1,6,5,6,1,6,6,1,4.142857142857143,5,6.1,4.125,5,5.857142857142857,5.4
eligible,pass,acceptable,7,1,46,1,6b9fb08f,51,male,NA,1,NA,NA,NA,NA,NA,NA,NA,NA,NA,NA,6,1,1,1,6,5,1,1,5,7,5,6,7,6,7,5,5,6,6,4,5,7,7,5,6,6,7,6,7,7,3,4,4,7,5,6,6,7,7,7,5,3,2,5,6,3,4,4,5,2,2.2857142857142856,6,4.7,5.125,6.25,5.285714285714286,6.6
ineligible,fail,acceptable,7,1,29,1,950f8829,25,male,NA,NA,1,NA,NA,NA,NA,NA,NA,NA,NA,NA,4,3,5,4,6,6,4,2,6,5,5,5,7,6,3,2,3,5,4,5,6,5,4,6,5,5,6,5,4,7,3,2,4,7,5,6,3,6,7,4,4,5,5,6,5,5,2,6,6,3,4.285714285714286,4.875,5.1,4.5,5.25,4.571428571428571,5.2
eligible,pass,acceptable,7,1,10,1,6345333e,26,male,NA,NA,1,NA,NA,NA,NA,NA,NA,NA,NA,NA,5,6,6,7,6,6,6,6,6,6,6,7,6,6,6,6,3,6,5,5,3,6,3,3,5,5,5,3,5,5,6,5,5,6,5,6,2,5,6,6,4,4,3,4,4,5,2,6,5,4,6.142857142857143,6.125,4.7,3.75,4.5,5.285714285714286,5
eligible,pass,acceptable,7,1,11,1,d560ec2d,46,female,NA,NA,NA,NA,NA,NA,NA,1,NA,NA,NA,NA,4,1,1,1,2,6,2,1,6,6,6,4,6,6,6,6,4,5,6,5,7,6,5,6,5,6,6,6,7,7,6,5,4,6,6,6,7,6,6,7,5,6,2,5,6,6,2,7,5,2,2,5.75,5.8,5.25,5.75,5.857142857142857,6.4
eligible,pass,acceptable,7,1,65,1,bce99fff,22,male,NA,NA,NA,NA,1,NA,NA,NA,NA,NA,NA,NA,2,3,2,3,3,7,2,3,7,7,7,3,7,6,7,7,7,5,5,6,4,3,3,6,7,5,3,4,6,7,7,4,2,7,6,5,7,6,7,6,1,1,7,1,1,1,7,1,1,7,3.2857142857142856,6.375,1,4.625,4.75,5.571428571428571,6.2
ineligible,fail,acceptable,7,2,5,1,3f99d3e9,24,male,NA,NA,NA,NA,NA,NA,NA,1,NA,NA,NA,NA,2,5,3,3,4,5,3,4,5,3,3,4,4,5,4,5,4,5,5,3,4,5,5,4,4,5,3,3,5,3,2,5,3,5,4,3,4,3,4,4,4,3,3,4,5,5,4,4,3,4,3.857142857142857,4.125,4.1,4.125,3.75,3.857142857142857,3.6
eligible,pass,acceptable,7,1,16,1,d99d5ef2,27,male,NA,1,NA,NA,NA,NA,NA,NA,NA,NA,NA,NA,5,5,4,6,3,5,4,6,5,5,5,5,4,4,5,4,3,6,2,2,2,2,2,2,3,3,3,3,6,7,6,6,6,6,6,6,6,5,5,5,3,3,5,3,3,4,5,3,3,5,4.714285714285714,4.625,3.1,2.125,3,6.142857142857143,5.4
eligible,pass,acceptable,7,1,7,1,a5b14e32,37,female,NA,1,NA,NA,NA,NA,NA,NA,NA,NA,NA,NA,5,7,7,7,7,7,7,7,6,6,7,2,2,7,6,7,7,1,7,7,7,7,7,7,7,7,7,7,7,7,1,1,1,7,7,7,7,7,4,7,7,7,1,7,7,7,1,7,7,1,7,5.375,7,7,7,4.428571428571429,6.4
eligible,pass,acceptable,7,1,8,1,f19f3414,33,male,NA,1,NA,NA,NA,NA,NA,NA,NA,NA,NA,NA,6,6,5,6,5,4,5,3,4,3,5,5,4,5,3,5,4,4,2,4,5,4,5,5,4,4,4,5,3,4,3,3,6,5,3,5,4,4,4,3,5,4,4,4,5,4,2,5,4,4,4.857142857142857,4.25,4.5,4.125,4.25,3.857142857142857,4
ineligible,fail,low,7,1,10,1,e162d6e8,31,male,NA,1,NA,NA,NA,NA,NA,NA,NA,NA,NA,NA,4,4,5,3,5,5,5,4,4,5,5,4,4,5,4,4,4,5,4,5,4,4,5,4,5,4,5,5,5,5,4,4,5,4,5,5,5,5,4,6,3,3,5,4,3,3,6,3,3,5,4.428571428571429,4.375,3,4.125,4.75,4.571428571428571,5
eligible,pass,acceptable,7,1,6,1,af14b215,35,female,NA,1,NA,NA,NA,NA,NA,NA,NA,NA,NA,NA,4,3,4,4,4,4,4,4,4,4,4,4,4,4,4,4,6,3,6,4,5,2,3,5,4,5,4,4,5,7,4,5,4,5,5,5,6,5,4,5,4,4,4,3,4,4,4,4,4,4,3.857142857142857,4,3.9,4.5,4.25,5,5
eligible,pass,acceptable,7,1,11,1,e713eb65,31,female,NA,1,NA,NA,NA,NA,NA,NA,NA,NA,NA,NA,1,7,7,7,5,7,7,7,5,7,4,4,4,5,5,5,3,5,6,3,4,3,5,4,7,7,6,6,7,7,7,6,5,7,7,7,7,7,5,7,4,1,3,1,4,5,7,4,4,6,6.714285714285714,4.875,3.1,3.875,6.5,6.571428571428571,6.6
ineligible,fail,acceptable,7,1,17,1,ec54b79f,27,male,NA,1,NA,NA,NA,NA,NA,NA,NA,NA,NA,NA,5,5,5,5,4,3,4,4,5,4,6,5,6,6,4,5,5,4,5,4,4,5,6,5,6,4,5,5,6,5,6,5,5,4,6,6,6,4,3,4,5,4,5,5,6,4,5,5,5,5,4.285714285714286,5.125,4.3,4.75,5,5.285714285714286,4.6
eligible,pass,acceptable,7,1,6,1,05a14a79,27,male,NA,1,1,NA,NA,NA,NA,NA,NA,NA,NA,NA,1,4,5,4,5,5,5,6,5,5,4,4,5,3,4,5,5,5,6,4,5,4,5,4,4,3,3,5,6,6,3,4,4,5,5,6,4,6,6,5,3,3,4,2,3,3,6,2,2,5,4.857142857142857,4.375,2.7,4.5,3.75,4.714285714285714,5.4
eligible,pass,acceptable,7,1,7,1,718e89dc,26,male,NA,1,NA,NA,NA,NA,NA,NA,NA,NA,NA,NA,2,1,1,1,7,7,1,7,7,7,7,7,7,7,7,7,7,1,7,7,7,7,7,7,4,4,5,4,7,1,7,1,1,7,7,7,7,7,7,7,6,6,1,5,7,7,3,7,5,2,3.5714285714285716,7,6.1,7,4.25,4.428571428571429,7
ineligible,fail,acceptable,7,1,6,1,262fb6a2,34,male,NA,1,NA,NA,NA,NA,NA,NA,NA,NA,NA,NA,5,4,5,4,4,5,4,6,6,6,5,5,5,5,6,5,4,4,5,5,3,5,4,5,5,4,3,4,4,5,5,4,5,5,4,6,6,5,4,4,5,6,2,5,6,4,2,4,6,2,4.571428571428571,5.375,5.4,4.375,4,4.571428571428571,5
eligible,pass,acceptable,7,1,11,1,6a206888,23,female,NA,1,NA,NA,NA,NA,NA,NA,NA,NA,NA,NA,5,2,3,2,6,7,4,2,7,6,7,7,4,6,7,7,5,3,6,5,6,4,4,7,7,5,5,5,5,7,3,4,7,6,3,6,7,7,6,6,4,6,2,5,6,5,2,6,5,2,3.7142857142857144,6.375,5.5,5.25,5.5,5,6.4
eligible,pass,acceptable,7,1,11,1,0fdb4a03,45,female,NA,1,NA,NA,NA,NA,NA,NA,NA,NA,NA,NA,5,4,5,2,4,5,3,5,7,7,6,4,6,7,6,6,5,4,5,3,7,4,4,3,3,3,6,4,6,5,6,5,5,7,6,6,5,5,6,6,1,1,7,1,1,1,7,2,3,7,4,6.125,1.3,4.375,4,5.714285714285714,5.6
eligible,pass,acceptable,7,1,10,1,53a63b92,28,male,NA,1,NA,NA,NA,NA,NA,NA,NA,NA,NA,NA,5,5,4,2,3,5,2,5,6,7,7,5,6,6,7,6,1,5,1,1,4,3,3,4,2,3,3,5,6,6,4,7,5,6,6,6,6,6,7,7,4,4,5,4,3,4,4,3,4,5,3.7142857142857144,6.25,3.6,2.5,3.25,5.714285714285714,6.4
eligible,pass,acceptable,7,1,7,1,e811d15c,38,female,NA,1,NA,NA,NA,NA,NA,NA,NA,NA,NA,NA,5,5,5,4,4,7,3,5,5,6,5,5,4,4,6,6,5,5,4,4,5,5,5,4,6,5,6,4,5,7,4,5,5,5,7,6,6,7,7,7,4,3,4,3,4,3,5,4,4,3,4.714285714285714,5.125,3.7,4.375,5.25,5.428571428571429,6.6
eligible,pass,acceptable,7,1,19,1,a95b8363,23,female,NA,1,NA,NA,NA,NA,NA,NA,NA,NA,NA,NA,5,6,5,7,6,6,5,7,7,7,6,7,5,7,7,6,6,3,5,7,6,7,6,4,6,7,6,7,7,7,6,6,5,6,6,7,6,7,7,6,6,5,2,6,6,6,2,7,5,2,6,6.5,5.9,5.75,6.5,6.142857142857143,6.6
eligible,pass,acceptable,7,4,18,1,40af9130,30,male,NA,NA,1,NA,NA,NA,NA,NA,NA,NA,NA,NA,5,5,6,5,7,6,5,6,5,6,7,6,7,7,6,5,6,7,7,6,5,7,5,5,7,7,6,6,5,7,7,5,6,5,5,7,5,5,6,6,7,7,7,5,5,5,6,6,7,5,5.714285714285714,6.125,4.8,5.25,6.5,5.714285714285714,5.8
eligible,pass,acceptable,7,1,12,1,226b232c,44,male,NA,NA,NA,NA,NA,NA,NA,NA,NA,NA,1,Mixed,5,5,4,5,4,4,3,5,4,5,4,5,5,5,5,5,5,5,5,5,5,6,5,6,4,5,5,4,7,7,3,4,4,7,3,6,5,7,7,6,3,4,5,3,3,4,5,5,4,4,4.285714285714286,4.75,3.6,5,4.5,5,6.2
ineligible,fail,low,6,6,15,1,35e622d6,55,male,NA,NA,NA,NA,NA,NA,NA,NA,NA,NA,1,WHITE,5,5,6,6,5,6,6,5,6,6,6,5,6,5,6,5,5,6,5,6,5,6,5,5,6,6,5,6,6,5,5,5,5,6,5,5,5,6,6,6,6,6,5,6,6,5,4,5,6,5,5.571428571428571,5.625,5,4.875,5.75,5.285714285714286,5.6
ineligible,fail,low,6,7,7,1,386e9dee,30,male,NA,NA,NA,1,NA,NA,NA,NA,NA,NA,NA,NA,5,6,6,7,7,6,6,7,6,6,6,7,7,7,6,6,6,6,7,6,6,6,6,7,7,7,7,6,7,6,7,7,6,6,6,6,7,5,6,7,7,6,7,6,7,6,7,6,6,6,6.428571428571429,6.375,4.8,5.75,6.75,6.428571428571429,6.2
eligible,pass,acceptable,7,1,5,1,f2c42be1,30,male,NA,1,NA,NA,NA,NA,NA,NA,NA,NA,NA,NA,2,4,2,5,4,6,5,7,7,5,6,6,7,5,6,6,3,5,4,4,2,5,4,2,3,2,3,2,6,6,4,6,4,6,4,6,6,5,4,4,6,5,2,5,5,6,1,5,5,1,4.714285714285714,6,5.7,3.375,2.5,5.142857142857143,5
eligible,pass,acceptable,7,1,11,1,673edeb4,27,female,NA,1,NA,NA,NA,NA,NA,NA,NA,NA,NA,NA,5,3,2,2,3,4,3,4,5,6,5,2,7,7,5,3,7,2,7,7,7,7,7,7,5,4,5,5,6,7,7,3,5,7,7,7,7,7,7,7,6,6,3,5,6,6,2,5,5,3,3,5,5.5,6.875,4.75,6,7
ineligible,pass,low,5,6,10,1,ce335784,30,male,NA,NA,1,NA,NA,NA,NA,NA,NA,NA,NA,NA,6,6,5,5,5,6,5,6,6,6,5,5,5,6,6,6,6,6,6,6,5,5,5,6,7,6,5,6,5,6,5,5,5,5,5,6,5,6,7,6,6,5,5,5,5,6,6,5,5,6,5.428571428571429,5.625,4.4,5.125,6,5.142857142857143,6
ineligible,fail,low,5,4,7,1,5e5caf68,31,male,NA,NA,NA,NA,NA,NA,NA,NA,NA,NA,1,WHITE,5,5,4,6,5,6,4,5,5,4,5,6,5,5,4,4,5,5,5,4,5,4,5,4,4,5,5,6,5,5,4,5,4,5,5,5,4,6,4,6,5,5,4,5,5,4,5,4,4,5,5,4.75,4.2,4.375,5,4.714285714285714,5
eligible,pass,acceptable,7,1,6,1,c292befe,27,male,NA,1,NA,NA,NA,NA,NA,NA,NA,NA,NA,NA,5,2,2,2,2,5,2,2,4,5,5,4,6,5,5,5,2,6,2,2,2,3,2,3,5,5,5,5,5,6,2,5,5,5,5,5,5,6,5,6,5,5,4,4,5,5,3,5,4,2,2.4285714285714284,4.875,4.8,2.25,5,4.714285714285714,5.4
ineligible,fail,acceptable,5,6,12,1,7cfc79fb,30,male,NA,NA,1,NA,NA,NA,NA,NA,NA,NA,NA,NA,5,5,6,6,6,5,6,5,6,6,6,6,7,5,5,7,7,6,6,6,6,5,7,5,7,6,7,5,5,6,5,6,7,5,6,6,6,5,7,6,7,6,7,5,7,6,7,5,6,6,5.571428571428571,6,4.6,5.5,6.25,5.714285714285714,6
ineligible,pass,low,6,6,13,1,0b88449f,30,male,NA,NA,1,NA,NA,NA,NA,NA,NA,NA,NA,NA,2,5,7,5,6,6,6,6,6,6,6,6,7,7,6,7,6,7,5,7,7,6,6,6,5,7,7,7,6,6,7,7,6,6,6,7,6,6,6,5,6,7,6,6,6,7,6,6,7,7,5.857142857142857,6.375,5,5.5,6.5,6.285714285714286,6
eligible,pass,acceptable,7,1,6,1,081623b2,29,male,NA,1,NA,NA,NA,NA,NA,NA,NA,NA,NA,NA,5,5,5,3,4,5,3,4,2,4,4,5,4,4,4,3,4,5,6,4,5,4,4,4,2,4,3,4,2,3,5,5,6,5,4,2,4,3,4,3,5,4,6,5,4,5,4,6,4,5,4.142857142857143,3.75,4.2,4.25,3.25,4.285714285714286,3.2
eligible,pass,acceptable,7,1,8,1,cc5e1699,43,male,NA,1,NA,NA,NA,NA,NA,NA,NA,NA,NA,NA,5,1,1,7,3,4,1,1,4,4,4,4,7,4,4,4,1,7,1,1,1,1,1,1,2,1,1,1,4,6,7,5,6,4,7,6,6,4,3,4,1,1,7,1,1,1,7,1,1,7,2.5714285714285716,4.375,1,1,1.25,5.571428571428571,4.6
ineligible,fail,acceptable,7,1,25,1,c259cc4e,25,male,NA,1,NA,NA,NA,NA,NA,NA,NA,NA,NA,NA,5,5,5,7,6,5,5,3,6,3,6,5,5,6,5,6,5,3,6,6,5,7,6,6,4,4,6,4,6,6,4,6,4,4,6,6,6,5,3,6,6,7,1,5,6,6,1,6,6,1,5.142857142857143,5.25,6.3,5.75,4.5,5.142857142857143,5.2
ineligible,fail,low,6,6,7,1,524124c9,26,female,NA,1,NA,NA,NA,NA,NA,1,NA,NA,NA,NA,2,5,4,5,4,4,4,5,3,5,5,5,4,4,4,4,5,4,5,3,5,4,4,5,5,3,5,4,5,6,4,4,4,5,4,5,5,4,4,5,4,4,5,5,4,5,5,4,3,4,4.428571428571429,4.25,3.9,4.375,4.25,4.571428571428571,4.6
ineligible,fail,acceptable,7,1,7,1,48a778d3,22,male,NA,1,NA,NA,NA,NA,NA,NA,NA,NA,NA,NA,1,6,2,6,6,7,6,5,5,6,6,6,7,5,6,6,7,1,7,6,7,7,7,7,7,6,7,6,7,7,5,2,2,7,7,7,6,6,6,7,2,4,6,2,2,4,6,2,2,6,5.428571428571429,5.875,2.4,6.875,6.5,5.285714285714286,6.4
eligible,pass,acceptable,3,4,7,1,b2d99a73,30,male,NA,NA,1,NA,NA,NA,NA,NA,NA,NA,NA,NA,5,6,6,6,7,5,4,4,6,5,6,6,4,5,5,5,6,7,4,5,4,3,4,6,4,5,5,5,4,5,6,4,4,6,5,5,5,6,5,5,6,4,6,7,4,6,7,6,5,5,5.428571428571429,5.25,4.4,4.125,4.75,4.857142857142857,5.2
eligible,pass,acceptable,7,1,8,1,aa510242,32,male,NA,1,NA,NA,NA,NA,NA,NA,NA,NA,NA,NA,5,2,2,1,6,5,1,1,2,7,7,3,7,7,6,6,2,6,2,3,3,3,2,2,3,2,4,5,5,7,6,6,6,7,5,7,7,6,6,7,2,3,6,2,2,2,6,3,2,5,2.5714285714285716,5.625,2.3,2.375,3.5,6,6.6
ineligible,fail,acceptable,4,6,23,1,4308c2b2,30,male,NA,1,NA,NA,NA,NA,NA,NA,NA,NA,NA,NA,5,5,6,5,6,5,4,4,6,5,4,5,5,6,5,6,3,4,5,5,3,5,4,4,4,4,5,4,4,6,4,5,6,4,5,4,4,4,5,5,5,6,4,5,4,5,5,5,5,4,5,5.25,4.6,4.125,4.25,4.857142857142857,4.4
eligible,pass,acceptable,7,1,18,1,7cea2492,31,female,NA,1,NA,NA,NA,NA,NA,NA,NA,NA,NA,NA,5,5,5,5,6,4,4,5,7,7,7,6,7,7,7,7,4,3,5,5,5,6,5,5,5,5,5,5,7,7,6,6,5,7,7,7,7,7,7,7,5,4,2,4,5,5,4,5,4,3,4.857142857142857,6.875,4.7,5,5,6.428571428571429,7
eligible,pass,acceptable,7,1,16,1,2ccf954f,31,male,NA,1,NA,NA,NA,NA,NA,NA,NA,NA,NA,NA,5,1,1,1,1,7,1,1,7,7,7,7,7,7,7,7,1,7,1,1,1,1,1,1,2,1,1,1,1,7,6,7,7,5,6,3,4,1,5,5,7,7,1,7,7,7,1,7,7,1,1.8571428571428572,7,7,1,1.25,5.571428571428571,3.6
eligible,pass,acceptable,7,1,34,1,61f14a89,29,male,NA,NA,1,NA,NA,NA,NA,NA,NA,NA,NA,NA,4,4,3,3,4,5,4,4,5,5,6,5,5,5,5,5,4,5,7,4,5,5,6,3,4,2,4,3,6,7,4,6,6,5,6,6,5,6,6,6,5,5,3,6,5,6,2,5,5,2,3.857142857142857,5.125,5.4,4.625,3.25,5.714285714285714,5.8
ineligible,fail,acceptable,3,5,3,1,ffd6aee3,29,male,NA,NA,1,NA,NA,NA,NA,NA,NA,NA,NA,NA,4,4,4,5,2,4,3,4,4,3,2,3,3,5,5,4,4,5,3,4,4,6,2,3,4,5,3,4,5,5,4,5,4,5,3,4,4,5,4,4,5,4,4,2,4,3,5,5,4,5,3.7142857142857144,3.625,3.7,3.625,4,4.428571428571429,4.2
ineligible,fail,low,7,1,5,1,bf5c6dc8,23,male,NA,NA,NA,NA,NA,NA,NA,1,NA,NA,NA,NA,5,4,4,4,4,4,5,4,5,5,5,4,3,5,4,4,4,4,4,4,4,4,5,3,4,5,4,4,4,3,5,5,4,4,4,4,5,4,5,3,5,4,4,3,4,4,5,4,4,4,4.142857142857143,4.375,3.9,4,4.25,4.142857142857143,4.2
eligible,pass,acceptable,6,1,10,1,4978ca40,35,female,NA,1,NA,NA,NA,NA,NA,NA,NA,NA,NA,NA,5,2,2,2,4,6,2,2,6,6,6,2,6,6,6,6,4,5,5,4,5,4,6,4,4,4,4,4,5,6,4,5,5,4,6,5,5,6,4,5,4,5,2,4,5,4,2,4,4,2,2.857142857142857,5.5,4.8,4.375,4,5,5
eligible,pass,acceptable,7,1,19,1,29367e35,38,female,NA,1,NA,NA,NA,NA,NA,NA,NA,NA,1,Hispanic,4,6,4,2,6,7,4,4,7,7,4,7,7,7,7,7,1,7,4,1,4,1,4,4,7,7,7,7,7,7,4,7,7,7,7,7,7,7,7,7,7,7,1,7,7,7,1,7,7,1,4.714285714285714,6.625,7,2.5,7,6.571428571428571,7
eligible,pass,acceptable,7,1,39,1,fc83063e,40,female,NA,1,NA,NA,NA,NA,NA,NA,NA,NA,NA,NA,5,2,2,1,5,5,2,2,6,7,7,6,6,6,6,7,7,1,7,7,7,7,7,7,6,6,6,7,7,7,5,1,6,7,5,7,6,7,7,7,1,2,7,1,5,1,7,1,1,6,2.7142857142857144,6.375,1.6,7,6.25,5.428571428571429,6.8
eligible,pass,acceptable,7,3,7,1,727e1032,22,male,NA,NA,NA,NA,NA,NA,NA,1,NA,NA,NA,NA,1,5,6,2,4,5,5,6,3,3,4,4,5,3,4,4,7,4,5,6,5,7,7,6,6,1,7,6,5,6,1,3,4,6,5,6,6,5,6,6,4,5,4,3,4,3,5,3,4,4,4.714285714285714,3.75,3.7,5.875,5,4.285714285714286,5.8
eligible,pass,acceptable,7,1,11,1,e3ec2437,33,female,NA,1,NA,NA,NA,NA,NA,NA,NA,NA,NA,NA,2,2,3,2,5,5,6,5,5,6,5,6,5,5,6,5,6,2,7,5,6,7,6,7,4,6,3,6,6,7,7,2,4,6,4,6,6,6,6,7,4,4,4,4,4,4,4,4,4,4,4,5.375,4,6.25,4.75,5.142857142857143,6.2
ineligible,fail,acceptable,7,7,12,1,2e0ac23a,28,male,NA,1,NA,NA,NA,NA,NA,NA,NA,NA,NA,NA,5,5,6,5,5,4,6,3,4,4,6,6,6,7,4,6,4,4,4,4,4,5,5,5,5,4,6,5,5,4,4,5,4,5,6,6,6,5,7,5,5,6,5,7,6,6,5,4,5,4,4.857142857142857,5.375,4.9,4.375,5,4.714285714285714,5.8
ineligible,fail,acceptable,NA,NA,1,0,daa99b05,NA,"NA",NA,NA,NA,NA,NA,NA,NA,NA,NA,NA,NA,NA,NA,NA,NA,NA,NA,NA,NA,NA,NA,NA,NA,NA,NA,NA,NA,NA,NA,NA,NA,NA,NA,NA,NA,NA,NA,NA,NA,NA,NA,NA,NA,NA,NA,NA,NA,NA,NA,NA,NA,NA,NA,NA,NA,NA,NA,NA,NA,NA,NA,NA,NaN,NaN,NaN,NaN,NaN,NaN,NaN
ineligible,fail,acceptable,NA,NA,17,0,68620cc7,30,male,NA,NA,1,NA,NA,NA,NA,NA,NA,NA,NA,NA,5,7,6,6,7,7,7,5,7,7,6,6,6,7,6,7,7,7,5,5,6,7,6,6,7,6,7,6,7,7,6,5,7,6,7,6,7,7,5,7,NA,NA,NA,NA,NA,NA,NA,NA,NA,NA,6.428571428571429,6.5,NaN,5.375,6.5,6.428571428571429,6.4
ineligible,fail,acceptable,NA,NA,11,0,04989bf4,30,male,NA,NA,NA,1,NA,NA,NA,NA,NA,NA,NA,NA,5,6,7,7,5,6,6,5,7,6,7,5,7,7,6,6,NA,NA,NA,NA,NA,NA,NA,NA,NA,NA,NA,NA,NA,NA,NA,NA,NA,NA,NA,NA,NA,NA,NA,NA,NA,NA,NA,NA,NA,NA,NA,NA,NA,NA,6,6.375,NaN,NaN,NaN,NaN,NaN
ineligible,fail,low,NA,NA,92,0,d424bb6e,30,male,NA,NA,NA,1,NA,NA,NA,NA,NA,NA,NA,NA,5,6,7,6,6,7,6,6,6,7,7,7,6,6,7,6,NA,NA,NA,NA,NA,NA,NA,NA,NA,NA,NA,NA,NA,NA,NA,NA,NA,NA,NA,NA,NA,NA,NA,NA,NA,NA,NA,NA,NA,NA,NA,NA,NA,NA,6.285714285714286,6.5,NaN,NaN,NaN,NaN,NaN
ineligible,fail,low,NA,NA,19,0,aa81f399,31,male,NA,1,NA,NA,NA,NA,NA,NA,NA,NA,NA,NA,5,5,NA,NA,6,5,5,5,5,NA,NA,6,NA,NA,6,5,NA,NA,NA,NA,NA,NA,NA,NA,NA,NA,NA,NA,NA,NA,NA,NA,NA,NA,NA,NA,NA,NA,NA,NA,NA,NA,NA,NA,NA,NA,NA,NA,NA,NA,5.2,5.5,NaN,NaN,NaN,NaN,NaN
ineligible,pass,acceptable,NA,NA,316,0,f48e4516,48,female,NA,1,NA,NA,NA,NA,NA,NA,NA,NA,NA,NA,2,6,3,2,5,6,6,4,5,6,5,5,6,5,3,5,5,6,5,3,6,4,4,3,6,5,5,6,5,5,6,6,5,6,7,6,6,5,6,5,5,7,4,6,5,3,6,6,5,5,4.571428571428571,5,4.6,4,5.5,5.714285714285714,5.6
ineligible,fail,acceptable,NA,NA,248,0,7c7ed6d1,44,female,NA,1,NA,NA,NA,NA,NA,NA,NA,NA,NA,NA,4,NA,NA,NA,NA,NA,NA,NA,NA,NA,NA,NA,NA,NA,NA,NA,NA,NA,NA,NA,NA,NA,NA,NA,NA,NA,NA,NA,NA,NA,NA,NA,NA,NA,NA,NA,NA,NA,NA,NA,NA,NA,NA,NA,NA,NA,NA,NA,NA,NA,NaN,NaN,NaN,NaN,NaN,NaN,NaN
ineligible,fail,acceptable,NA,NA,4,0,500c5f82,30,male,NA,1,NA,NA,NA,NA,NA,NA,NA,NA,NA,NA,6,5,7,5,7,7,7,6,5,6,5,6,5,6,5,6,5,6,NA,5,5,4,NA,5,NA,NA,5,NA,5,6,6,4,NA,NA,5,4,5,5,NA,5,NA,NA,NA,NA,NA,NA,NA,NA,NA,NA,6.285714285714286,5.5,NaN,4.333333333333333,5,5.2,4.75
ineligible,fail,acceptable,NA,NA,3,0,adb41ee5,29,male,NA,1,NA,NA,NA,NA,NA,NA,NA,NA,NA,NA,6,NA,6,NA,6,NA,4,3,NA,7,5,NA,3,3,NA,3,NA,NA,NA,NA,NA,NA,NA,NA,NA,NA,NA,NA,NA,NA,NA,NA,NA,NA,NA,NA,NA,NA,NA,NA,NA,NA,NA,NA,NA,NA,NA,NA,NA,NA,4.75,4.2,NaN,NaN,NaN,NaN,NaN
ineligible,fail,low,NA,NA,578,0,5e9009c8,30,male,NA,NA,1,NA,NA,NA,NA,NA,NA,NA,NA,NA,5,7,6,7,6,7,7,6,6,7,6,7,6,7,7,7,NA,NA,NA,NA,NA,NA,NA,NA,NA,NA,NA,NA,NA,NA,NA,NA,NA,NA,NA,NA,NA,NA,NA,NA,NA,NA,NA,NA,NA,NA,NA,NA,NA,NA,6.571428571428571,6.625,NaN,NaN,NaN,NaN,NaN
ineligible,fail,acceptable,NA,NA,1,0,474c1840,40,female,NA,1,NA,NA,NA,NA,NA,NA,NA,NA,NA,NA,5,1,1,1,1,2,1,1,4,7,7,7,7,6,7,7,NA,NA,NA,NA,NA,NA,NA,NA,NA,NA,NA,NA,NA,NA,NA,NA,NA,NA,NA,NA,NA,NA,NA,NA,NA,NA,NA,NA,NA,NA,NA,NA,NA,NA,1.1428571428571428,6.5,NaN,NaN,NaN,NaN,NaN
ineligible,fail,acceptable,NA,NA,13,0,adb41ee5,29,male,NA,1,NA,NA,NA,NA,NA,NA,NA,NA,NA,NA,6,5,5,3,3,5,4,3,3,4,4,4,4,3,6,3,NA,NA,NA,NA,NA,NA,NA,NA,NA,NA,NA,NA,NA,NA,NA,NA,NA,NA,NA,NA,NA,NA,NA,NA,NA,NA,NA,NA,NA,NA,NA,NA,NA,NA,4,3.875,NaN,NaN,NaN,NaN,NaN
ineligible,fail,low,NA,NA,9,0,416f8869,20,male,NA,1,NA,NA,NA,NA,NA,NA,NA,NA,NA,NA,5,4,5,5,4,5,5,5,5,4,6,4,5,5,5,5,5,4,5,4,5,4,5,4,5,4,5,4,5,5,5,5,5,5,5,4,5,5,5,5,NA,NA,NA,NA,NA,NA,NA,NA,NA,NA,4.714285714285714,4.875,NaN,4.5,4.5,5,4.8
ineligible,fail,acceptable,NA,NA,2,0,14cedc10,25,male,NA,1,NA,NA,NA,NA,NA,NA,NA,NA,NA,NA,1,6,6,4,4,3,6,1,6,2,6,5,3,4,3,5,NA,NA,NA,NA,NA,NA,NA,NA,NA,NA,NA,NA,NA,NA,NA,NA,NA,NA,NA,NA,NA,NA,NA,NA,NA,NA,NA,NA,NA,NA,NA,NA,NA,NA,4.285714285714286,4.25,NaN,NaN,NaN,NaN,NaN
ineligible,fail,acceptable,NA,NA,0,0,b9757dfa,30,male,NA,1,NA,NA,NA,NA,NA,NA,NA,NA,NA,NA,5,NA,NA,NA,NA,NA,NA,NA,NA,NA,NA,NA,NA,NA,NA,NA,NA,NA,NA,NA,NA,NA,NA,NA,NA,NA,NA,NA,NA,NA,NA,NA,NA,NA,NA,NA,NA,NA,NA,NA,NA,NA,NA,NA,NA,NA,NA,NA,NA,NA,NaN,NaN,NaN,NaN,NaN,NaN,NaN
ineligible,fail,low,NA,NA,2,0,8f9d89f7,30,male,NA,1,NA,NA,NA,NA,NA,NA,NA,NA,NA,NA,5,NA,5,5,NA,NA,4,5,NA,4,5,NA,5,5,5,NA,NA,NA,NA,NA,NA,NA,NA,NA,NA,NA,NA,NA,NA,NA,NA,NA,NA,NA,NA,NA,NA,NA,NA,NA,NA,NA,NA,NA,NA,NA,NA,NA,NA,NA,4.75,4.8,NaN,NaN,NaN,NaN,NaN
ineligible,fail,low,NA,NA,3,0,2f85455c,30,male,NA,1,NA,NA,NA,NA,NA,NA,NA,NA,NA,NA,5,NA,6,NA,5,6,7,NA,6,6,6,7,5,NA,NA,NA,NA,NA,NA,NA,NA,NA,NA,NA,NA,NA,NA,NA,NA,NA,NA,NA,NA,NA,NA,NA,NA,NA,NA,NA,NA,NA,NA,NA,NA,NA,NA,NA,NA,NA,6,6,NaN,NaN,NaN,NaN,NaN
ineligible,fail,low,NA,NA,4,0,db61fb56,30,male,NA,1,NA,NA,NA,NA,NA,NA,NA,NA,NA,NA,5,6,7,6,5,7,6,6,6,7,5,7,6,6,6,5,NA,NA,NA,NA,NA,NA,NA,NA,NA,NA,NA,NA,NA,NA,NA,NA,NA,NA,NA,NA,NA,NA,NA,NA,NA,NA,NA,NA,NA,NA,NA,NA,NA,NA,6.142857142857143,6,NaN,NaN,NaN,NaN,NaN
ineligible,fail,acceptable,NA,NA,1,0,93d4432f,28,female,NA,1,NA,NA,NA,NA,NA,NA,NA,NA,NA,NA,5,5,6,5,NA,NA,3,6,NA,NA,4,NA,5,5,5,NA,NA,NA,NA,NA,NA,NA,NA,NA,NA,NA,NA,NA,NA,NA,NA,NA,NA,NA,NA,NA,NA,NA,NA,NA,NA,NA,NA,NA,NA,NA,NA,NA,NA,NA,5,4.75,NaN,NaN,NaN,NaN,NaN
ineligible,fail,acceptable,NA,NA,1,0,c5919e18,33,male,NA,1,NA,NA,NA,NA,NA,NA,NA,NA,NA,NA,2,1,2,1,4,2,1,1,5,6,5,5,7,7,6,5,NA,NA,NA,NA,NA,NA,NA,NA,NA,NA,NA,NA,NA,NA,NA,NA,NA,NA,NA,NA,NA,NA,NA,NA,NA,NA,NA,NA,NA,NA,NA,NA,NA,NA,1.7142857142857142,5.75,NaN,NaN,NaN,NaN,NaN
ineligible,fail,low,NA,NA,14,0,262dff5a,25,female,NA,1,NA,1,NA,NA,NA,NA,NA,NA,NA,NA,1,NA,NA,NA,NA,NA,NA,NA,NA,7,NA,NA,7,NA,7,7,NA,NA,NA,NA,NA,NA,NA,NA,NA,NA,NA,NA,NA,NA,NA,NA,NA,NA,NA,NA,NA,NA,NA,NA,NA,NA,NA,NA,NA,NA,NA,NA,NA,NA,NaN,7,NaN,NaN,NaN,NaN,NaN
ineligible,fail,low,NA,NA,1,0,6c8298f6,27,female,NA,1,NA,NA,NA,NA,NA,NA,NA,NA,NA,NA,4,6,5,5,6,5,5,4,5,5,5,5,5,5,5,5,NA,NA,NA,NA,NA,NA,NA,NA,NA,NA,NA,NA,NA,NA,NA,NA,NA,NA,NA,NA,NA,NA,NA,NA,NA,NA,NA,NA,NA,NA,NA,NA,NA,NA,5.142857142857143,5,NaN,NaN,NaN,NaN,NaN
ineligible,fail,acceptable,NA,NA,1,0,1677ddc3,46,male,NA,1,NA,NA,NA,NA,NA,NA,NA,NA,NA,NA,5,2,4,3,5,4,3,2,5,6,5,6,6,4,5,6,NA,NA,NA,NA,NA,NA,NA,NA,NA,NA,NA,NA,NA,NA,NA,NA,NA,NA,NA,NA,NA,NA,NA,NA,NA,NA,NA,NA,NA,NA,NA,NA,NA,NA,3.2857142857142856,5.375,NaN,NaN,NaN,NaN,NaN
ineligible,fail,acceptable,NA,NA,1,0,4762d167,25,female,NA,1,NA,NA,NA,NA,NA,NA,NA,NA,NA,NA,3,5,NA,5,NA,5,6,NA,5,NA,NA,3,3,5,6,NA,NA,NA,NA,NA,NA,NA,NA,NA,NA,NA,NA,NA,NA,NA,NA,NA,NA,NA,NA,NA,NA,NA,NA,NA,NA,NA,NA,NA,NA,NA,NA,NA,NA,NA,5.25,4.4,NaN,NaN,NaN,NaN,NaN
ineligible,fail,low,NA,NA,9,0,72d6c44d,28,female,NA,1,NA,NA,NA,NA,NA,NA,NA,NA,NA,NA,2,NA,7,NA,NA,7,7,NA,NA,7,7,7,NA,7,7,7,NA,NA,NA,NA,NA,NA,NA,NA,NA,NA,NA,NA,NA,NA,NA,NA,NA,NA,NA,NA,NA,NA,NA,NA,NA,NA,NA,NA,NA,NA,NA,NA,NA,NA,7,7,NaN,NaN,NaN,NaN,NaN
ineligible,fail,acceptable,NA,NA,0,0,f3d15689,25,male,NA,1,NA,NA,NA,NA,NA,NA,NA,NA,NA,NA,2,NA,NA,NA,NA,NA,NA,NA,NA,NA,NA,NA,NA,NA,NA,NA,NA,NA,NA,NA,NA,NA,NA,NA,NA,NA,NA,NA,NA,NA,NA,NA,NA,NA,NA,NA,NA,NA,NA,NA,NA,NA,NA,NA,NA,NA,NA,NA,NA,NA,NaN,NaN,NaN,NaN,NaN,NaN,NaN
ineligible,fail,acceptable,NA,NA,3,0,f19f3414,33,male,NA,1,NA,NA,NA,NA,NA,NA,NA,NA,NA,NA,6,NA,3,NA,NA,NA,5,NA,6,4,4,3,5,NA,4,5,NA,NA,NA,NA,NA,NA,NA,NA,NA,NA,NA,NA,NA,NA,NA,NA,NA,NA,NA,NA,NA,NA,NA,NA,NA,NA,NA,NA,NA,NA,NA,NA,NA,NA,4,4.428571428571429,NaN,NaN,NaN,NaN,NaN
ineligible,fail,acceptable,NA,NA,1,0,f19f3414,33,male,NA,1,NA,NA,NA,NA,NA,NA,NA,NA,NA,NA,6,NA,NA,5,4,NA,NA,6,5,NA,3,4,5,4,3,NA,NA,NA,NA,NA,NA,NA,NA,NA,NA,NA,NA,NA,NA,NA,NA,NA,NA,NA,NA,NA,NA,NA,NA,NA,NA,NA,NA,NA,NA,NA,NA,NA,NA,NA,5,4,NaN,NaN,NaN,NaN,NaN
ineligible,fail,acceptable,NA,NA,242,0,6388ead8,NA,"NA",NA,NA,NA,NA,NA,NA,NA,NA,NA,NA,NA,NA,NA,NA,NA,NA,NA,NA,NA,NA,NA,NA,NA,NA,NA,NA,NA,NA,NA,NA,NA,NA,NA,NA,NA,NA,NA,NA,NA,NA,NA,NA,NA,NA,NA,NA,NA,NA,NA,NA,NA,NA,NA,NA,NA,NA,NA,NA,NA,NA,NA,NA,NaN,NaN,NaN,NaN,NaN,NaN,NaN
ineligible,fail,acceptable,NA,NA,2,0,05a14a79,27,male,NA,1,1,NA,NA,NA,NA,NA,NA,NA,1,Mixed Race (White & Black),1,4,6,4,6,6,5,NA,5,NA,NA,NA,NA,4,5,NA,NA,NA,NA,NA,NA,NA,NA,NA,NA,NA,NA,NA,NA,NA,NA,NA,NA,NA,NA,NA,NA,NA,NA,NA,NA,NA,NA,NA,NA,NA,NA,NA,NA,NA,5.166666666666667,4.666666666666667,NaN,NaN,NaN,NaN,NaN
ineligible,fail,acceptable,NA,NA,1,0,718e89dc,26,male,NA,1,NA,NA,NA,NA,NA,NA,NA,NA,NA,NA,2,1,NA,NA,7,7,1,1,NA,NA,7,7,7,NA,7,NA,NA,NA,NA,NA,NA,NA,NA,NA,NA,NA,NA,NA,NA,NA,NA,NA,NA,NA,NA,NA,NA,NA,NA,NA,NA,NA,NA,NA,NA,NA,NA,NA,NA,NA,3.4,7,NaN,NaN,NaN,NaN,NaN
ineligible,fail,acceptable,NA,NA,1,0,1c82f7ae,42,female,NA,1,NA,NA,NA,NA,NA,NA,NA,NA,NA,NA,1,NA,NA,NA,NA,NA,NA,NA,NA,NA,NA,NA,NA,NA,NA,NA,NA,NA,NA,NA,NA,NA,NA,NA,NA,NA,NA,NA,NA,NA,NA,NA,NA,NA,NA,NA,NA,NA,NA,NA,NA,NA,NA,NA,NA,NA,NA,NA,NA,NA,NaN,NaN,NaN,NaN,NaN,NaN,NaN
ineligible,fail,acceptable,NA,NA,6784,0,00cb5f15,33,male,NA,NA,1,NA,NA,NA,NA,NA,NA,NA,NA,NA,5,1,NA,1,NA,4,NA,NA,NA,NA,NA,6,NA,NA,NA,NA,NA,NA,NA,NA,NA,NA,NA,NA,NA,NA,NA,NA,NA,NA,NA,NA,NA,NA,NA,NA,NA,NA,NA,NA,NA,NA,NA,NA,NA,NA,NA,NA,NA,NA,2,6,NaN,NaN,NaN,NaN,NaN
